nombre_imagen,equivPxmmR1,equivPxmmR2,equivPxmmR3,equivPxmmR4,sumaAreaPxR1,sumaAreaPxR2,sumaAreaPxR3,sumaAreaPxR4,diametroPxR1,diametroPxR2,diametroPxR3,diametroPxR4,ejeMayorPxR1,ejeMayorPxR2,ejeMayorPxR3,ejeMayorPxR4,ejeMenorPxR1,ejeMenorPxR2,ejeMenorPxR3,ejeMenorPxR4,diametrommR1,diametrommR2,diametrommR3,diametrommR4,ejeMayormmR1,ejeMayormmR2,ejeMayormmR3,ejeMayormmR4,ejeMenormmR1,ejeMenormmR2,ejeMenormmR3,ejeMenormmR4,clasificacionSize
/home/usuario/OrangeResults/inputToLearn/001.jpg,0.3626,0.4872,0.4978,0.5019,30963,17352,15874,16587,198.5531,148.638,142.1668,145.3245,207.2483,153.7877,148.6458,149.4983,190.275,143.7278,136.0487,141.3746,71.99,72.4228,70.7719,72.9369,75.1426,74.932,73.9972,75.0317,68.9886,70.0304,67.7263,70.9545,grande
/home/usuario/OrangeResults/inputToLearn/003.jpg,0.3626,0.4872,0.4978,0.5019,29938,15426,14453,14837,195.2389,140.1463,135.6545,137.4447,199.027,146.5315,140.5058,143.6929,191.5816,134.153,131.0613,131.5533,70.7884,68.2853,67.53,68.9821,72.1618,71.3965,69.9451,72.118,69.4623,65.3651,65.2435,66.0253,mediana
/home/usuario/OrangeResults/inputToLearn/004.jpg,0.3626,0.4872,0.4978,0.5019,30582,15475,14999,15253,197.3277,140.3687,138.1931,139.3583,200.2122,146.7955,142.3579,143.3525,194.565,134.2878,134.2056,135.6261,71.5457,68.3937,68.7937,69.9425,72.5915,71.5251,70.8671,71.9472,70.544,65.4308,66.8087,68.0694,mediana
/home/usuario/OrangeResults/inputToLearn/005.jpg,0.3626,0.4872,0.4978,0.5019,33806,18166,16527,16732,207.4684,152.0844,145.0615,145.9584,218.1283,158.7039,155.2892,150.8865,197.3817,145.8003,135.572,141.3362,75.2224,74.1021,72.2129,73.255,79.0874,77.3274,77.3044,75.7284,71.5653,71.0402,67.489,70.9352,grande
/home/usuario/OrangeResults/inputToLearn/006.jpg,0.3626,0.4872,0.4978,0.5019,36089,19693,18590,18234,214.3594,158.3474,153.849,152.3688,227.5747,169.5974,168.1247,163.6757,202.0288,148.2319,141.0903,142.0381,77.7209,77.1537,76.5874,76.4724,82.5125,82.6352,83.694,82.1472,73.2502,72.225,70.236,71.2875,grande
/home/usuario/OrangeResults/inputToLearn/007.jpg,0.3626,0.4872,0.4978,0.5019,30062,15774,14739,15157,195.6429,141.7183,136.9901,138.919,200.9306,147.3948,142.0498,142.2498,190.5886,136.3495,132.317,135.8337,70.9348,69.0513,68.1949,69.7221,72.852,71.8171,70.7137,71.3938,69.1023,66.4353,65.8686,68.1736,pequeña
/home/usuario/OrangeResults/inputToLearn/008.jpg,0.3626,0.4872,0.4978,0.5019,32791,16609,15570,15654,204.3301,145.4209,140.7989,141.1782,206.9136,151.3633,144.832,146.8543,201.9156,139.8799,137.0381,135.9035,74.0846,70.8553,70.091,70.8559,75.0213,73.7507,72.0987,73.7047,73.2091,68.1555,68.2188,68.2086,grande
/home/usuario/OrangeResults/inputToLearn/010.jpg,0.3626,0.4872,0.4978,0.5019,35355,19876,18467,18977,212.1683,159.0815,153.3392,155.4422,225.6611,170.514,167.9197,163.732,199.6209,148.6392,140.3021,147.72,76.9265,77.5113,76.3336,78.0149,81.8186,83.0817,83.5919,82.1754,72.3771,72.4234,69.8437,74.1392,grande
/home/usuario/OrangeResults/inputToLearn/017.jpg,0.3626,0.4872,0.4978,0.5019,30482,15931,15100,15434,197.0048,142.4218,138.6576,140.1827,204.7254,149.8943,145.3208,143.3269,189.7173,135.3817,132.3971,137.1722,71.4286,69.394,69.025,70.3563,74.2279,73.035,72.342,71.9343,68.7864,65.9638,65.9085,68.8454,mediana
/home/usuario/OrangeResults/inputToLearn/018.jpg,0.3626,0.4872,0.4978,0.5019,32795,16915,16190,16679,204.3426,146.7544,143.5749,145.727,217.2351,154.3797,151.0622,150.4665,192.3717,139.6205,136.5723,141.2485,74.0891,71.505,71.4729,73.1389,78.7636,75.2204,75.2001,75.5176,69.7488,68.0291,67.9869,70.8912,grande
/home/usuario/OrangeResults/inputToLearn/027.jpg,0.3626,0.4872,0.4978,0.5019,27813,14633,13887,14129,188.1824,136.4966,132.9717,134.1253,201.2499,144.1561,143.6235,144.1923,176.0737,129.3441,123.2051,124.8865,68.2299,66.507,66.1945,67.3162,72.9678,70.2391,71.4971,72.3687,63.8396,63.022,61.3326,62.6793,pequeña
/home/usuario/OrangeResults/inputToLearn/028.jpg,0.3626,0.4872,0.4978,0.5019,27413,14575,13445,13896,186.8243,136.2258,130.8385,133.0148,191.8822,144.5134,138.8135,139.5791,182.1082,128.5831,123.3916,126.8679,67.7374,66.3751,65.1326,66.7588,69.5713,70.4131,69.1026,70.0534,66.0275,62.6512,61.4254,63.6737,pequeña
/home/usuario/OrangeResults/inputToLearn/031.jpg,0.3626,0.4872,0.4978,0.5019,31956,15824,15152,15040,201.7118,141.9427,138.8961,138.3818,206.0202,145.7916,143.2434,140.0031,197.6051,138.2614,134.7784,136.907,73.1352,69.1606,69.1437,69.4524,74.6974,71.0359,71.3079,70.2662,71.6463,67.3669,67.0939,68.7122,grande
/home/usuario/OrangeResults/inputToLearn/035.jpg,0.3626,0.4872,0.4978,0.5019,31808,15979,16369,16057,201.2441,142.6362,144.3664,142.9839,210.7346,150.3345,147.8956,147.098,192.4049,135.4201,141.1009,139.1591,72.9657,69.4985,71.8669,71.7622,76.4067,73.2494,73.6237,73.827,69.7608,65.9825,70.2413,69.8425,grande
/home/usuario/OrangeResults/inputToLearn/041.jpg,0.3626,0.4872,0.4978,0.5019,27971,14807,13711,14160,188.7161,137.3057,132.1264,134.2724,194.272,144.7593,139.3072,142.2721,183.436,130.2904,125.4074,126.9599,68.4234,66.9012,65.7737,67.39,70.4378,70.5329,69.3484,71.4049,66.509,63.4831,62.4289,63.7199,mediana
/home/usuario/OrangeResults/inputToLearn/042.jpg,0.3626,0.4872,0.4978,0.5019,32395,17230,16113,16199,203.0926,148.1145,143.2331,143.6148,212.0708,150.406,148.9668,147.9477,194.5738,145.9251,137.8499,139.5165,73.6359,72.1678,71.3027,72.0788,76.8911,73.2843,74.157,74.2535,70.5472,71.101,68.6229,70.0219,grande
/home/usuario/OrangeResults/inputToLearn/044.jpg,0.3626,0.4872,0.4978,0.5019,32989,16904,16525,16347,204.9461,146.7067,145.0527,144.2694,208.7989,149.2648,148.4494,149.1972,201.2798,144.2812,141.8226,139.561,74.3079,71.4818,72.2085,72.4073,75.7048,72.7283,73.8994,74.8806,72.9786,70.3,70.6006,70.0443,grande
/home/usuario/OrangeResults/inputToLearn/049.jpg,0.3626,0.4872,0.4978,0.5019,29351,15367,14623,14946,193.3154,139.8781,136.4499,137.9487,206.1917,145.4893,144.8492,143.3969,181.3691,134.7379,128.6265,132.8343,70.091,68.1546,67.926,69.2351,74.7596,70.8886,72.1072,71.9695,65.7595,65.6501,64.0314,66.6682,mediana
/home/usuario/OrangeResults/inputToLearn/050.jpg,0.3626,0.4872,0.4978,0.5019,26066,13717,12993,12948,182.1765,132.1553,128.6204,128.3975,188.0362,136.9855,134.2461,134.1285,176.7077,127.6823,123.3636,122.9994,66.0523,64.3918,64.0284,64.4414,68.1769,66.7452,66.8289,67.3178,64.0694,62.2123,61.4115,61.7322,pequeña
/home/usuario/OrangeResults/inputToLearn/051.jpg,0.3626,0.4872,0.4978,0.5019,29049,15403,14725,15175,192.3183,140.0418,136.925,139.0015,200.2915,150.3888,144.9578,146.4854,184.7479,130.4553,129.4218,132.0402,69.7294,68.2344,68.1625,69.7635,72.6203,73.2759,72.1613,73.5196,66.9846,63.5634,64.4273,66.2697,mediana
/home/usuario/OrangeResults/inputToLearn/052.jpg,0.3626,0.4872,0.4978,0.5019,32227,17470,16578,16426,202.5653,149.1425,145.2851,144.6175,205.7619,151.8686,148.0007,146.371,199.5852,146.527,142.7321,142.9932,73.4447,72.6687,72.3242,72.5821,74.6037,73.9969,73.6761,73.4621,72.3642,71.3943,71.0533,71.7668,grande
/home/usuario/OrangeResults/inputToLearn/055.jpg,0.3626,0.4872,0.4978,0.5019,33749,17057,16389,16397,207.2934,147.3691,144.4546,144.4898,209.9197,156.0285,147.4021,149.9841,205.1701,139.8845,141.9437,139.7222,75.159,71.8046,71.9108,72.518,76.1112,76.0238,73.3781,75.2755,74.3891,68.1577,70.6609,70.1252,grande
/home/usuario/OrangeResults/inputToLearn/058.jpg,0.3626,0.4872,0.4978,0.5019,29108,15447,14669,14944,192.5135,140.2417,136.6644,137.9394,197.0539,149.1579,143.3087,144.2706,188.1442,132.0915,130.6265,132.005,69.8002,68.3318,68.0328,69.2304,71.4464,72.6761,71.3403,72.408,68.216,64.3607,65.0271,66.252,mediana
/home/usuario/OrangeResults/inputToLearn/060.jpg,0.3626,0.4872,0.4978,0.5019,30963,16785,15474,15907,198.5531,146.1893,140.3642,142.3145,202.4753,154.6877,147.1285,148.5966,194.7931,138.2746,134.0063,136.3601,71.99,71.2297,69.8746,71.4262,73.4121,75.3705,73.2419,74.5791,70.6267,67.3733,66.7095,68.4377,grande
/home/usuario/OrangeResults/inputToLearn/061.jpg,0.3626,0.4872,0.4978,0.5019,27614,14820,13921,13926,187.508,137.366,133.1344,133.1583,195.5579,146.1434,140.6858,139.4236,179.8943,129.1631,126.1462,127.3131,67.9853,66.9306,66.2755,66.8308,70.904,71.2074,70.0347,69.9753,65.2248,62.9338,62.7967,63.8972,pequeña
/home/usuario/OrangeResults/inputToLearn/063.jpg,0.3626,0.4872,0.4978,0.5019,25316,13461,12839,12894,179.5364,130.9163,127.8559,128.1294,196.9536,140.7339,138.9886,138.5329,163.8076,121.8731,117.9279,118.6643,65.0951,63.7881,63.6478,64.3069,71.4101,68.5716,69.1898,69.5283,59.3922,59.3818,58.7056,59.5564,pequeña
/home/usuario/OrangeResults/inputToLearn/067.jpg,0.3626,0.4872,0.4978,0.5019,35861,18533,16958,18391,213.6812,153.613,146.9408,153.0234,215.7473,166.7455,151.6936,161.6255,211.7379,141.6705,142.4083,145.0171,77.475,74.8469,73.1484,76.8009,78.2242,81.2456,75.5144,81.1182,76.7704,69.028,70.8921,72.7826,grande
/home/usuario/OrangeResults/inputToLearn/072.jpg,0.3626,0.4872,0.4978,0.5019,31449,16631,15858,16261,200.1052,145.5172,142.0952,143.8894,201.2677,151.9737,144.1424,149.3995,199.0382,139.4316,140.2655,138.7205,72.5528,70.9022,70.7362,72.2166,72.9742,74.0481,71.7554,74.9821,72.1659,67.937,69.8254,69.6224,grande
/home/usuario/OrangeResults/inputToLearn/073.jpg,0.3626,0.4872,0.4978,0.5019,36550,19883,19712,18793,215.7241,159.1095,158.4238,154.6868,224.7989,169.1855,174.4491,163.5798,207.4007,149.9874,146.4111,148.5657,78.2157,77.525,78.8648,77.6357,81.506,82.4345,86.8423,82.0991,75.1979,73.0803,72.8848,74.5636,grande
/home/usuario/OrangeResults/inputToLearn/075.jpg,0.3626,0.4872,0.4978,0.5019,34960,18644,17044,17655,210.9797,154.0723,147.3129,149.9301,227.7646,162.5888,160.1128,156.8129,195.6104,146.3471,135.7798,143.5878,76.4956,75.0707,73.3337,75.2484,82.5813,79.2203,79.7056,78.7028,70.923,71.3066,67.5924,72.0653,grande
/home/usuario/OrangeResults/inputToLearn/080.jpg,0.3626,0.4872,0.4978,0.5019,28027,15170,14062,14272,188.905,138.9786,133.8069,134.8024,200.3272,149.2825,143.7958,145.3695,178.2124,129.5824,124.6285,125.1408,68.4918,67.7163,66.6103,67.656,72.6332,72.7369,71.5829,72.9595,64.615,63.1381,62.0412,62.8069,pequeña
/home/usuario/OrangeResults/inputToLearn/082.jpg,0.3626,0.4872,0.4978,0.5019,33752,17342,16085,17078,207.3026,148.5952,143.1086,147.4598,214.0166,155.067,148.7683,150.9328,200.8689,142.4922,137.7134,144.182,75.1623,72.4019,71.2407,74.0086,77.5967,75.5553,74.0582,75.7517,72.8296,69.4283,68.5549,72.3635,grande
/home/usuario/OrangeResults/inputToLearn/083.jpg,0.3626,0.4872,0.4978,0.5019,35322,18291,17260,17727,212.0693,152.6068,148.2434,150.2355,223.3865,162.0457,158.2033,157.731,201.4798,144.0045,139.1502,143.2384,76.8906,74.3566,73.7969,75.4017,80.9939,78.9557,78.7551,79.1636,73.0511,70.1652,69.2702,71.8899,grande
/home/usuario/OrangeResults/inputToLearn/084.jpg,0.3626,0.4872,0.4978,0.5019,32845,17753,16750,17449,204.4983,150.3457,146.0369,149.0529,213.2941,158.4425,154.1724,156.0268,196.155,142.7926,138.3973,142.5073,74.1456,73.2549,72.6985,74.8081,77.3347,77.2,76.7484,78.3083,71.1205,69.5747,68.8954,71.523,grande
/home/usuario/OrangeResults/inputToLearn/085.jpg,0.3626,0.4872,0.4978,0.5019,34580,18531,17321,17868,209.83,153.6047,148.5052,150.8318,219.1567,161.2014,157.0874,158.1213,201.108,146.4637,140.5521,143.9764,76.0787,74.8428,73.9272,75.701,79.4603,78.5443,78.1995,79.3595,72.9163,71.3634,69.9681,72.2603,grande
/home/usuario/OrangeResults/inputToLearn/088.jpg,0.3626,0.4872,0.4978,0.5019,24950,13572,11953,12388,178.2339,131.455,123.3654,125.5902,187.5117,137.1598,132.2576,131.9792,169.5386,126.074,115.3256,119.8789,64.6228,64.0505,61.4124,63.0325,67.9867,66.8301,65.839,66.239,61.4701,61.4287,57.4101,60.166,grande
/home/usuario/OrangeResults/inputToLearn/091.jpg,0.3626,0.4872,0.4978,0.5019,31449,16290,15465,16352,200.1052,144.0176,140.3234,144.2914,210.5928,151.1787,148.1806,149.2446,190.2097,137.2444,132.9875,139.623,72.5528,70.1716,69.8542,72.4184,76.3553,73.6608,73.7656,74.9044,68.9649,66.8714,66.2024,70.0754,pequeña
/home/usuario/OrangeResults/inputToLearn/101.jpg,0.3626,0.4872,0.4978,0.5019,32851,17226,16251,15572,204.517,148.0973,143.8451,140.808,204.7639,154.1207,146.1805,147.844,204.4597,142.5778,141.868,134.4832,74.1523,72.1594,71.6074,70.6701,74.2419,75.0942,72.77,74.2014,74.1316,69.47,70.6232,67.4958,pequeña
/home/usuario/OrangeResults/inputToLearn/102.jpg,0.3626,0.4872,0.4978,0.5019,32458,16921,15929,15947,203.29,146.7804,142.4129,142.4933,203.9839,153.6518,145.8303,148.5457,202.7479,140.422,139.2738,136.803,73.7075,71.5177,70.8944,71.516,73.959,74.8658,72.5957,74.5536,73.5109,68.4196,69.3318,68.6601,grande
/home/usuario/OrangeResults/inputToLearn/106.jpg,0.3626,0.4872,0.4978,0.5019,25732,13744,12564,13286,181.0055,132.2853,126.4792,130.0625,190.621,141.1083,134.2991,136.7709,171.9149,124.1054,119.2518,123.7879,65.6277,64.4551,62.9625,65.2771,69.114,68.754,66.8553,68.644,62.3317,60.4695,59.3646,62.1279,pequeña
/home/usuario/OrangeResults/inputToLearn/110.jpg,0.3626,0.4872,0.4978,0.5019,31239,16612,15486,15843,199.436,145.434,140.4186,142.0279,208.5644,157.7311,151.2586,152.1199,190.7732,134.1373,130.4722,132.69,72.3101,70.8617,69.9017,71.2824,75.6198,76.8534,75.2979,76.3475,69.1692,65.3575,64.9502,66.5958,mediana
/home/usuario/OrangeResults/inputToLearn/113.jpg,0.3626,0.4872,0.4978,0.5019,30855,17197,15376,15598,198.2065,147.9726,139.919,140.9255,202.073,156.283,142.9997,148.2606,194.5418,140.3053,136.9932,134.216,71.8643,72.0986,69.6529,70.7291,73.2662,76.1478,71.1865,74.4105,70.5356,68.3628,68.1965,67.3617,grande
/home/usuario/OrangeResults/inputToLearn/117.jpg,0.3626,0.4872,0.4978,0.5019,25709,13438,12683,13109,180.9246,130.8044,127.0767,129.1933,183.6922,138.4769,128.5082,133.3615,178.2991,123.6646,125.7477,125.3386,65.5984,63.7335,63.2599,64.8408,66.6018,67.4719,63.9725,66.9328,64.6464,60.2547,62.5983,62.9062,pequeña
/home/usuario/OrangeResults/inputToLearn/122.jpg,0.3626,0.4872,0.4978,0.5019,23552,12711,12635,12708,173.1685,127.2169,126.836,127.2019,179.9556,135.0738,133.6822,135.6376,166.7582,119.9843,120.4738,119.3931,62.7862,61.9856,63.1401,63.8414,65.247,65.8138,66.5482,68.0751,60.462,58.4615,59.9729,59.9222,pequeña
/home/usuario/OrangeResults/inputToLearn/123.jpg,0.3626,0.4872,0.4978,0.5019,24922,13107,12250,12985,178.1339,129.1834,124.8887,128.5808,186.1004,134.1367,132.7039,134.715,170.6167,124.5058,117.6512,122.8053,64.5865,62.9437,62.1707,64.5334,67.475,65.3571,66.0612,67.6121,61.861,60.6646,58.5678,61.6348,pequeña
/home/usuario/OrangeResults/inputToLearn/125.jpg,0.3626,0.4872,0.4978,0.5019,24727,13193,12597,13648,177.4356,129.6065,126.6452,131.8225,185.0894,139.1236,135.9759,138.6445,170.2728,120.8383,118.0627,125.4867,64.3334,63.1499,63.0451,66.1604,67.1084,67.787,67.69,69.5843,61.7363,58.8776,58.7727,62.9805,pequeña
/home/usuario/OrangeResults/inputToLearn/126.jpg,0.3626,0.4872,0.4978,0.5019,24977,13474,13218,13499,178.3303,130.9795,129.7293,131.101,179.1496,136.9801,130.6819,136.8218,177.5869,125.3471,128.9236,125.7785,64.6578,63.8188,64.5804,65.7983,64.9548,66.7426,65.0546,68.6695,64.3882,61.0745,64.1793,63.127,mediana
/home/usuario/OrangeResults/inputToLearn/127.jpg,0.3626,0.4872,0.4978,0.5019,27866,14442,14403,15037,188.3616,135.6028,135.4196,138.368,192.9085,145.3146,138.2865,146.2114,184.0643,126.6369,132.7441,131.085,68.2948,66.0715,67.4131,69.4455,69.9434,70.8035,68.8403,73.3821,66.7367,61.703,66.0812,65.7902,grande
/home/usuario/OrangeResults/inputToLearn/131.jpg,0.3626,0.4872,0.4978,0.5019,28785,15585,15581,16114,191.4424,140.8667,140.8487,143.2375,202.6432,153.2583,153.5719,154.4487,181.0669,129.7453,129.5391,133.1638,69.4119,68.6363,70.1157,71.8895,73.4729,74.6741,76.4495,77.5163,65.65,63.2175,64.4857,66.8336,pequeña
/home/usuario/OrangeResults/inputToLearn/132.jpg,0.3626,0.4872,0.4978,0.5019,37085,20125,19124,19742,217.2972,160.0748,156.043,158.5443,222.2788,167.562,164.5159,165.9241,212.6315,153.2708,148.209,151.6528,78.7861,77.9953,77.6796,79.5718,80.5923,81.6434,81.8975,83.2757,77.0944,74.6801,73.7798,76.113,grande
/home/usuario/OrangeResults/inputToLearn/136.jpg,0.3626,0.4872,0.4978,0.5019,26308,14129,14096,14536,183.0202,134.1253,133.9686,136.0434,187.8504,140.5189,140.3543,142.0994,178.4172,128.1764,127.962,130.3238,66.3582,65.3516,66.6908,68.2788,68.1095,68.4669,69.8696,71.3183,64.6893,62.4531,63.7006,65.4082,pequeña
/home/usuario/OrangeResults/inputToLearn/137.jpg,0.3626,0.4872,0.4978,0.5019,32705,16410,16528,17265,204.062,144.5471,145.0659,148.2649,207.9182,149.3247,149.9198,153.714,200.3898,140.2577,140.5567,143.1325,73.9874,70.4296,72.2151,74.4127,75.3855,72.7574,74.6314,77.1475,72.6559,68.3396,69.9704,71.8368,grande
/home/usuario/OrangeResults/inputToLearn/139.jpg,0.3626,0.4872,0.4978,0.5019,30556,16223,15938,15180,197.2438,143.7211,142.4531,139.0244,201.8209,151.8182,150.5447,146.6223,192.8635,136.1917,135.0571,132.1017,71.5153,70.0271,70.9144,69.7749,73.1748,73.9724,74.9425,73.5883,69.9271,66.3584,67.2326,66.3005,mediana
/home/usuario/OrangeResults/inputToLearn/141.jpg,0.3626,0.4872,0.4978,0.5019,27886,14559,13669,14354,188.4292,136.151,131.9239,135.1891,192.0037,144.0702,135.3134,143.475,185.1246,128.8533,128.9685,127.6035,68.3193,66.3386,65.6729,67.85,69.6154,70.1972,67.3602,72.0087,67.1212,62.7829,64.2017,64.0429,mediana
/home/usuario/OrangeResults/inputToLearn/144.jpg,0.3626,0.4872,0.4978,0.5019,26860,14180,13530,13983,184.9303,134.3672,131.2514,133.4305,190.5622,141.8619,139.6865,141.1371,179.6564,127.4437,123.4686,126.328,67.0507,65.4695,65.3381,66.9675,69.0927,69.1212,69.5372,70.8353,65.1386,62.0961,61.4638,63.4028,pequeña
/home/usuario/OrangeResults/inputToLearn/146.jpg,0.3626,0.4872,0.4978,0.5019,24085,13044,12604,13129,175.117,128.8726,126.6804,129.2918,185.2866,135.5973,136.2174,135.4729,165.5984,122.6336,117.9484,123.5402,63.4927,62.7923,63.0626,64.8902,67.1799,66.0689,67.8102,67.9925,60.0415,59.7523,58.7158,62.0036,pequeña
/home/usuario/OrangeResults/inputToLearn/148.jpg,0.3626,0.4872,0.4978,0.5019,32915,17529,17105,17527,204.7161,149.3942,147.5763,149.3856,211.8801,160.6501,157.3644,159.9463,198.0468,139.1439,138.6477,139.6979,74.2245,72.7913,73.4648,74.9752,76.822,78.2756,78.3374,80.2754,71.8064,67.7969,69.0201,70.113,grande
/home/usuario/OrangeResults/inputToLearn/150.jpg,0.3626,0.4872,0.4978,0.5019,31888,16160,16243,17188,201.4971,143.4418,143.8097,147.9339,208.2487,151.8513,149.906,153.5586,195.1029,135.6013,138.0663,142.6577,73.0574,69.891,71.5898,74.2465,75.5053,73.9885,74.6246,77.0695,70.739,66.0708,68.7306,71.5985,mediana
/home/usuario/OrangeResults/inputToLearn/151.jpg,0.3626,0.4872,0.4978,0.5019,31649,16498,15659,16500,200.7405,144.9341,141.2008,144.9429,202.471,150.3919,144.6566,148.6264,199.3173,139.9629,137.947,141.5759,72.7831,70.6181,70.291,72.7454,73.4105,73.2774,72.0114,74.5941,72.2671,68.196,68.6713,71.0555,mediana
/home/usuario/OrangeResults/inputToLearn/153.jpg,0.3626,0.4872,0.4978,0.5019,25505,13413,12639,13176,180.2054,130.6827,126.8561,129.523,184.1967,140.1693,133.598,135.9852,176.4824,122.0341,120.7356,123.7653,65.3376,63.6742,63.1501,65.0063,66.7848,68.2965,66.5063,68.2496,63.9878,59.4603,60.1033,62.1166,pequeña
/home/usuario/OrangeResults/inputToLearn/154.jpg,0.3626,0.4872,0.4978,0.5019,26812,14104,13154,13888,184.765,134.0066,129.4148,132.9765,192.2043,139.2528,137.7832,139.9051,177.7982,129.0999,121.7248,126.6581,66.9908,65.2938,64.4239,66.7396,69.6881,67.85,68.5897,70.217,64.4648,62.903,60.5957,63.5684,pequeña
/home/usuario/OrangeResults/inputToLearn/155.jpg,0.3626,0.4872,0.4978,0.5019,33705,17784,17602,18728,207.1582,150.4769,149.7049,154.419,208.3314,160.5263,153.4698,161.9699,206.0764,141.2288,146.1271,147.2864,75.11,73.3188,74.5245,77.5014,75.5353,78.2153,76.3987,81.2911,74.7177,68.8128,72.7434,73.9215,grande
/home/usuario/OrangeResults/inputToLearn/158.jpg,0.3626,0.4872,0.4978,0.5019,27949,15055,14853,15137,188.6419,138.4508,137.5188,138.8273,194.9405,148.4368,146.0568,147.7782,182.6563,129.2592,129.6855,130.576,68.3965,67.4592,68.4581,69.676,70.6802,72.3248,72.7084,74.1684,66.2262,62.9807,64.5586,65.5348,mediana
/home/usuario/OrangeResults/inputToLearn/159.jpg,0.3626,0.4872,0.4978,0.5019,26382,13248,12683,13366,183.2774,129.8764,127.0767,130.4535,187.046,135.5632,132.0356,133.898,179.7845,124.488,122.4115,127.2194,66.4514,63.2814,63.2599,65.4733,67.8178,66.0522,65.7285,67.2021,65.185,60.6559,60.9375,63.8501,pequeña
/home/usuario/OrangeResults/inputToLearn/161.jpg,0.3626,0.4872,0.4978,0.5019,29831,15524,14627,14828,194.8897,140.5908,136.4686,137.403,199.0797,145.0257,142.7044,143.4152,190.8708,136.428,130.6386,131.7923,70.6618,68.5019,67.9353,68.9612,72.1809,70.6627,71.0395,71.9787,69.2046,66.4736,65.033,66.1452,mediana
/home/usuario/OrangeResults/inputToLearn/162.jpg,0.3626,0.4872,0.4978,0.5019,28912,15665,14942,16032,191.8643,141.2278,137.9302,142.8726,195.4453,148.5374,142.4551,148.7954,188.4884,134.3719,133.6609,137.3056,69.5648,68.8123,68.6629,71.7063,70.8632,72.3738,70.9154,74.6789,68.3408,65.4718,66.5376,68.9123,mediana
/home/usuario/OrangeResults/inputToLearn/163.jpg,0.3626,0.4872,0.4978,0.5019,25223,13469,13241,13479,179.2064,130.9552,129.8421,131.0038,185.6283,139.9224,138.006,141.2809,173.1366,122.8647,122.2782,121.6898,64.9754,63.807,64.6366,65.7495,67.3038,68.1762,68.7006,70.9075,62.7747,59.865,60.8712,61.0749,pequeña
/home/usuario/OrangeResults/inputToLearn/164.jpg,0.3626,0.4872,0.4978,0.5019,27396,14689,13794,14742,186.7664,136.7575,132.5257,137.004,199.9088,141.2204,143.6766,144.3882,174.7109,132.6259,122.3985,130.1497,67.7164,66.6341,65.9725,68.7609,72.4815,68.8087,71.5235,72.467,63.3455,64.621,60.9311,65.3209,pequeña
/home/usuario/OrangeResults/inputToLearn/165.jpg,0.3626,0.4872,0.4978,0.5019,25559,13031,12396,13751,180.396,128.8083,125.6307,132.319,187.9969,135.3054,131.5377,135.9613,173.2515,122.7615,120.1758,128.9639,65.4067,62.761,62.5401,66.4096,68.1626,65.9266,65.4807,68.2376,62.8163,59.8147,59.8246,64.7257,pequeña
/home/usuario/OrangeResults/inputToLearn/166.jpg,0.3626,0.4872,0.4978,0.5019,23690,12639,12330,12697,173.6751,126.8561,125.2958,127.1469,184.1708,135.7826,135.7858,134.2654,163.9292,118.6354,115.8052,120.654,62.9699,61.8098,62.3734,63.8137,66.7754,66.1591,67.5954,67.3865,59.4363,57.8043,57.6489,60.5551,pequeña
/home/usuario/OrangeResults/inputToLearn/167.jpg,0.3626,0.4872,0.4978,0.5019,29419,15961,15027,15825,193.5392,142.5559,138.322,141.9472,202.5864,150.596,149.0144,150.1337,185.0777,135.1922,128.6093,134.4143,70.1721,69.4594,68.8579,71.2419,73.4524,73.3768,74.1807,75.3506,67.1042,65.8714,64.0229,67.4612,mediana
/home/usuario/OrangeResults/inputToLearn/168.jpg,0.3626,0.4872,0.4978,0.5019,31876,16402,15438,16493,201.4591,144.5119,140.2008,144.9122,208.315,149.527,147.3725,151.9497,195.0074,139.7995,133.5494,138.4423,73.0436,70.4124,69.7932,72.73,75.5294,72.856,73.3633,76.262,70.7044,68.1163,66.4821,69.4828,mediana
/home/usuario/OrangeResults/inputToLearn/170.jpg,0.3626,0.4872,0.4978,0.5019,23913,12736,11790,13074,174.4906,127.342,122.5214,129.0207,188.6565,137.1826,135.8086,138.3023,161.4743,118.4013,110.6114,120.5123,63.2656,62.0465,60.9923,64.7542,68.4017,66.8413,67.6067,69.4125,58.5462,57.6902,55.0634,60.4839,pequeña
/home/usuario/OrangeResults/inputToLearn/175.jpg,0.3626,0.4872,0.4978,0.5019,27688,13700,13486,14803,187.759,132.0734,131.0378,137.2872,196.3704,137.6044,139.5628,143.0983,179.6949,127.0144,123.1807,131.8783,68.0764,64.3518,65.2318,68.9031,71.1986,67.0468,69.4756,71.8196,65.1525,61.8869,61.3205,66.1884,pequeña
/home/usuario/OrangeResults/inputToLearn/176.jpg,0.3626,0.4872,0.4978,0.5019,31868,17917,16196,16880,201.4339,151.0385,143.6015,146.6025,208.0068,166.5285,156.9974,162.3835,195.1815,137.1126,131.4239,132.4722,73.0345,73.5925,71.4861,73.5783,75.4177,81.1398,78.1547,81.4986,70.7676,66.8071,65.424,66.4865,pequeña
/home/usuario/OrangeResults/inputToLearn/177.jpg,0.3626,0.4872,0.4978,0.5019,28115,14892,14294,14967,189.2013,137.6992,134.9062,138.0456,190.7159,143.7102,140.5811,145.3951,187.8873,132.043,129.5969,131.2078,68.5993,67.093,67.1575,69.2837,69.1484,70.0218,69.9826,72.9723,68.1229,64.337,64.5145,65.8519,mediana
/home/usuario/OrangeResults/inputToLearn/178.jpg,0.3626,0.4872,0.4978,0.5019,26726,14372,13850,14287,184.4684,135.2738,132.7945,134.8732,186.3662,143.8562,134.4732,140.9898,182.71,127.3975,131.2529,129.1457,66.8833,65.9112,66.1063,67.6915,67.5713,70.0929,66.942,70.7613,66.2457,62.0736,65.3389,64.8169,mediana
/home/usuario/OrangeResults/inputToLearn/179.jpg,0.3626,0.4872,0.4978,0.5019,33617,17014,17385,18727,206.8876,147.1832,148.7793,154.4149,216.1944,156.507,159.199,163.1296,198.101,139.1609,139.1625,146.3794,75.0119,71.714,74.0637,77.4993,78.3863,76.2569,79.2507,81.8731,71.8261,67.8052,69.2764,73.4663,grande
/home/usuario/OrangeResults/inputToLearn/180.jpg,0.3626,0.4872,0.4978,0.5019,30713,15393,15034,15919,197.7499,139.9963,138.3542,142.3682,206.2076,147.1394,145.6503,148.481,189.7798,133.5411,131.5135,136.6034,71.6988,68.2122,68.874,71.4532,74.7653,71.6926,72.506,74.5211,68.809,65.0669,65.4686,68.5599,mediana
/home/usuario/OrangeResults/inputToLearn/181.jpg,0.3626,0.4872,0.4978,0.5019,34703,18066,17286,17724,210.2028,151.6652,148.355,150.2228,220.8161,159.3005,157.8182,158.8758,200.2258,144.9823,139.5443,142.287,76.2139,73.8978,73.8525,75.3953,80.0619,77.6181,78.5633,79.7382,72.5965,70.6416,69.4664,71.4124,mediana
/home/usuario/OrangeResults/inputToLearn/183.jpg,0.3626,0.4872,0.4978,0.5019,32158,16752,17045,17375,202.3483,146.0456,147.3172,148.7365,207.2769,153.059,151.5754,153.6741,197.646,139.5319,143.2788,144.1537,73.366,71.1597,73.3358,74.6493,75.153,74.5769,75.4556,77.1275,71.6611,67.9859,71.3255,72.3493,grande
/home/usuario/OrangeResults/inputToLearn/184.jpg,0.3626,0.4872,0.4978,0.5019,30909,17083,16071,16989,198.3798,147.4814,143.0463,147.075,207.2302,161.8245,157.0344,161.236,190.1084,134.6655,130.5361,134.3128,71.9272,71.8593,71.2097,73.8155,75.1361,78.8478,78.1731,80.9227,68.9282,65.6148,64.9821,67.4103,mediana
/home/usuario/OrangeResults/inputToLearn/185.jpg,0.3626,0.4872,0.4978,0.5019,31425,15839,15470,16034,200.0289,142.01,140.3461,142.8815,206.9461,147.384,148.2924,150.1227,193.4766,137.0561,132.9558,136.2556,72.5251,69.1934,69.8655,71.7108,75.0331,71.8118,73.8213,75.3451,70.1494,66.7796,66.1866,68.3853,pequeña
/home/usuario/OrangeResults/inputToLearn/186.jpg,0.3626,0.4872,0.4978,0.5019,31138,16179,14901,16028,199.1134,143.5261,137.7409,142.8548,217.4449,152.2301,152.0358,153.726,182.5958,135.5637,124.8792,132.865,72.1931,69.9321,68.5686,71.6974,78.8396,74.173,75.6848,77.1535,66.2043,66.0525,62.166,66.6836,mediana
/home/usuario/OrangeResults/inputToLearn/187.jpg,0.3626,0.4872,0.4978,0.5019,30758,16344,15388,16593,197.8947,144.2561,139.9736,145.3508,204.0222,151.4162,147.2211,151.2983,192.1644,137.6256,133.3898,139.9287,71.7513,70.2878,69.6801,72.9501,73.9729,73.7765,73.288,75.9351,69.6736,67.0571,66.4026,70.2288,mediana
/home/usuario/OrangeResults/inputToLearn/188.jpg,0.3626,0.4872,0.4978,0.5019,29446,15910,15083,15786,193.628,142.3279,138.5795,141.7722,197.8269,150.2152,147.4099,148.4073,189.6513,134.9797,130.5647,135.6202,70.2043,69.3483,68.9861,71.1541,71.7267,73.1913,73.382,74.4841,68.7624,65.7679,64.9963,68.0664,mediana
/home/usuario/OrangeResults/inputToLearn/189.jpg,0.3626,0.4872,0.4978,0.5019,27341,14681,13820,14729,186.5788,136.7203,132.6506,136.9436,193.7209,144.9379,140.3825,142.8503,179.8361,129.1477,125.4522,131.4244,67.6484,66.616,66.0346,68.7306,70.238,70.62,69.8837,71.6951,65.2037,62.9263,62.4512,65.9606,pequeña
/home/usuario/OrangeResults/inputToLearn/191.jpg,0.3626,0.4872,0.4978,0.5019,22628,12125,11290,12279,169.7376,124.2499,119.8953,125.0364,180.2204,136.174,134.3094,136.7916,160.0373,113.5825,107.2587,114.622,61.5423,60.5399,59.6849,62.7545,65.3431,66.3498,66.8605,68.6544,58.0252,55.3423,53.3943,57.5277,pequeña
/home/usuario/OrangeResults/inputToLearn/192.jpg,0.3626,0.4872,0.4978,0.5019,26241,14458,13584,14463,182.787,135.6779,131.5131,135.7014,192.7435,148.6574,145.2553,147.4083,173.473,123.9414,119.1593,125.0701,66.2736,66.1081,65.4684,68.1072,69.8836,72.4323,72.3094,73.9827,62.8966,60.3896,59.3186,62.7714,pequeña
/home/usuario/OrangeResults/inputToLearn/193.jpg,0.3626,0.4872,0.4978,0.5019,32568,16692,16471,16684,203.6341,145.7838,144.8155,145.7489,210.1041,150.2477,151.3776,152.2839,197.4446,141.5794,138.6145,139.7228,73.8322,71.0321,72.0905,73.1499,76.1781,73.2071,75.3571,76.4298,71.5881,68.9836,69.0036,70.1255,mediana
/home/usuario/OrangeResults/inputToLearn/194.jpg,0.3626,0.4872,0.4978,0.5019,30691,15911,15549,15950,197.679,142.3324,140.704,142.5067,207.8903,153.7433,151.4812,151.6305,188.2252,132.0278,130.933,134.1575,71.6731,69.3505,70.0437,71.5227,75.3754,74.9103,75.4087,76.1018,68.2454,64.3296,65.1796,67.3323,mediana
/home/usuario/OrangeResults/inputToLearn/195.jpg,0.3626,0.4872,0.4978,0.5019,29919,15383,14887,15814,195.177,139.9509,137.6761,141.8979,198.5668,146.207,142.7143,149.1055,191.9909,134.0449,132.9139,135.1678,70.7659,68.1901,68.5364,71.2171,71.995,71.2383,71.0445,74.8345,69.6107,65.3124,66.1658,67.8393,mediana
/home/usuario/OrangeResults/inputToLearn/196.jpg,0.3626,0.4872,0.4978,0.5019,28303,14875,14279,14664,189.8328,137.6206,134.8354,136.6411,196.9248,150.7852,145.5026,148.925,183.1515,125.9121,125.0707,125.5548,68.8283,67.0547,67.1223,68.5788,71.3996,73.469,72.4325,74.7439,66.4058,61.3498,62.2613,63.0147,pequeña
/home/usuario/OrangeResults/inputToLearn/197.jpg,0.3626,0.4872,0.4978,0.5019,30098,15742,14868,16049,195.76,141.5745,137.5882,142.9483,202.2924,147.7767,145.263,147.4352,189.5815,135.8626,130.4441,138.8526,70.9773,68.9812,68.4927,71.7443,73.3458,72.0032,72.3132,73.9963,68.7371,66.1981,64.9362,69.6887,mediana
/home/usuario/OrangeResults/inputToLearn/198.jpg,0.3626,0.4872,0.4978,0.5019,26091,14005,13073,14320,182.2638,133.5355,129.0157,135.0288,193.2916,138.7297,138.3142,138.8666,172.3047,128.7144,120.629,131.4414,66.0839,65.0642,64.2252,67.7696,70.0823,67.5951,68.8541,69.6957,62.473,62.7152,60.0502,65.9691,pequeña
/home/usuario/OrangeResults/inputToLearn/199.jpg,0.3626,0.4872,0.4978,0.5019,23675,13229,12396,13269,173.6201,129.7832,125.6307,129.9793,180.6879,140.1847,133.2784,136.3365,166.9592,120.2414,118.6189,124.3876,62.95,63.236,62.5401,65.2353,65.5126,68.304,66.3472,68.4259,60.5349,58.5868,59.0496,62.4289,pequeña
/home/usuario/OrangeResults/inputToLearn/200.jpg,0.3626,0.4872,0.4978,0.5019,33828,16201,15875,18139,207.5359,143.6237,142.1713,151.9714,212.9323,158.1528,144.0539,163.3304,202.5778,130.9821,140.4518,141.7084,75.2469,69.9796,70.7742,76.2729,77.2035,77.0588,71.7113,81.9739,73.4492,63.8201,69.9182,71.122,grande
/home/usuario/OrangeResults/inputToLearn/201.jpg,0.3626,0.4872,0.4978,0.5019,34022,17260,16139,16881,208.1301,148.2434,143.3486,146.6068,211.6944,157.9626,145.7041,152.4513,204.747,139.2276,141.1627,141.1804,75.4624,72.2306,71.3602,73.5805,76.7547,76.9662,72.5328,76.5138,74.2357,67.8377,70.272,70.857,grande
/home/usuario/OrangeResults/inputToLearn/202.jpg,0.3626,0.4872,0.4978,0.5019,30914,16222,16160,16241,198.3959,143.7167,143.4418,143.8008,204.5383,151.801,150.9452,153.3936,192.5361,136.2655,136.4195,134.8827,71.933,70.025,71.4066,72.1722,74.1601,73.964,75.1419,76.9867,69.8084,66.3944,67.9109,67.6963,mediana
/home/usuario/OrangeResults/inputToLearn/203.jpg,0.3626,0.4872,0.4978,0.5019,32612,16976,16093,17318,203.7717,147.0188,143.1441,148.4923,216.9242,155.7591,156.2102,159.8516,191.5519,139.2793,131.3494,138.1312,73.8821,71.6339,71.2584,74.5268,78.6509,75.8926,77.7629,80.2279,69.4515,67.8629,65.3869,69.3267,mediana
/home/usuario/OrangeResults/inputToLearn/204.jpg,0.3626,0.4872,0.4978,0.5019,22743,11992,11440,12089,170.1684,123.5665,120.6891,124.0653,179.1783,130.6018,130.623,130.7762,161.7821,117.0401,111.7013,117.8666,61.6985,60.2069,60.0801,62.2671,64.9652,63.6348,65.0253,65.6353,58.6578,57.027,55.6059,59.156,pequeña
/home/usuario/OrangeResults/inputToLearn/205.jpg,0.3626,0.4872,0.4978,0.5019,28286,14890,14222,14648,189.7758,137.69,134.566,136.5665,192.7221,144.0517,139.2836,142.3038,187.0652,131.7157,130.1464,131.3052,68.8076,67.0885,66.9882,68.5414,69.8758,70.1882,69.3366,71.4209,67.8248,64.1775,64.788,65.9008,pequeña
/home/usuario/OrangeResults/inputToLearn/206.jpg,0.3626,0.4872,0.4978,0.5019,28308,15098,14183,15067,189.8496,138.6484,134.3814,138.506,196.2493,145.4911,140.2306,143.3042,183.7472,132.2161,128.8915,134.0236,68.8343,67.5554,66.8963,69.5148,71.1547,70.8895,69.8081,71.923,66.6218,64.4214,64.1634,67.2651,mediana
/home/usuario/OrangeResults/inputToLearn/207.jpg,0.3626,0.4872,0.4978,0.5019,33422,16806,16550,17760,206.2867,146.2808,145.1624,150.3753,208.5597,156.8341,153.7648,159.8673,204.1563,136.7788,137.2088,141.5777,74.794,71.2743,72.2631,75.4719,75.6181,76.4163,76.5455,80.2358,74.0215,66.6445,68.3038,71.0564,grande
