nombre_imagen, equivPxmmR1, equivPxmmR2, equivPxmmR3, equivPxmmR4, sumaAreaPxR1, sumaAreaPxR2, sumaAreaPxR3, sumaAreaPxR4, diametroPxR1, diametroPxR2, diametroPxR3, diametroPxR4, ejeMayorPxR1, ejeMayorPxR2, ejeMayorPxR3, ejeMayorPxR4, ejeMenorPxR1, ejeMenorPxR2, ejeMenorPxR3, ejeMenorPxR4, diametrommR1, diametrommR2, diametrommR3, diametrommR4, ejeMayormmR1, ejeMayormmR2, ejeMayormmR3, ejeMayormmR4, ejeMenormmR1, ejeMenormmR2, ejeMenormmR3, ejeMenormmR4, clasificacionSize 
/home/usuario/OrangeResults/inputToLearn/001.jpg,     0.3626,     0.4872,     0.4978,     0.5019,30963.0000, 17352.0000, 15874.0000, 16587.0000,   198.5531,   148.6380,   142.1668,   145.3245,   207.2483,   153.7877,   148.6458,   149.4983,   190.2750,   143.7278,   136.0487,   141.3746,    71.9900,    72.4228,    70.7719,    72.9369,    75.1426,    74.9320,    73.9972,    75.0317,    68.9886,    70.0304,    67.7263,    70.9545,grande
/home/usuario/OrangeResults/inputToLearn/002.jpg,     0.3626,     0.4872,     0.4978,     0.5019,30963.0000, 16269.0000, 15284.0000, 15709.0000,   198.5531,   143.9248,   139.4998,   141.4260,   207.8224,   148.3947,   146.1249,   146.2050,   189.7865,   139.7404,   133.2256,   136.8862,    71.9900,    70.1263,    69.4443,    70.9803,    75.3508,    72.3043,    72.7423,    73.3788,    68.8115,    68.0875,    66.3209,    68.7018,mediana
/home/usuario/OrangeResults/inputToLearn/003.jpg,     0.3626,     0.4872,     0.4978,     0.5019,29938.0000, 15426.0000, 14453.0000, 14837.0000,   195.2389,   140.1463,   135.6545,   137.4447,   199.0270,   146.5315,   140.5058,   143.6929,   191.5816,   134.1530,   131.0613,   131.5533,    70.7884,    68.2853,    67.5300,    68.9821,    72.1618,    71.3965,    69.9451,    72.1180,    69.4623,    65.3651,    65.2435,    66.0253,mediana
/home/usuario/OrangeResults/inputToLearn/004.jpg,     0.3626,     0.4872,     0.4978,     0.5019,30582.0000, 15475.0000, 14999.0000, 15253.0000,   197.3277,   140.3687,   138.1931,   139.3583,   200.2122,   146.7955,   142.3579,   143.3525,   194.5650,   134.2878,   134.2056,   135.6261,    71.5457,    68.3937,    68.7937,    69.9425,    72.5915,    71.5251,    70.8671,    71.9472,    70.5440,    65.4308,    66.8087,    68.0694,mediana
/home/usuario/OrangeResults/inputToLearn/005.jpg,     0.3626,     0.4872,     0.4978,     0.5019,33806.0000, 18166.0000, 16527.0000, 16732.0000,   207.4684,   152.0844,   145.0615,   145.9584,   218.1283,   158.7039,   155.2892,   150.8865,   197.3817,   145.8003,   135.5720,   141.3362,    75.2224,    74.1021,    72.2129,    73.2550,    79.0874,    77.3274,    77.3044,    75.7284,    71.5653,    71.0402,    67.4890,    70.9352,grande
/home/usuario/OrangeResults/inputToLearn/006.jpg,     0.3626,     0.4872,     0.4978,     0.5019,36089.0000, 19693.0000, 18590.0000, 18234.0000,   214.3594,   158.3474,   153.8490,   152.3688,   227.5747,   169.5974,   168.1247,   163.6757,   202.0288,   148.2319,   141.0903,   142.0381,    77.7209,    77.1537,    76.5874,    76.4724,    82.5125,    82.6352,    83.6940,    82.1472,    73.2502,    72.2250,    70.2360,    71.2875,grande
/home/usuario/OrangeResults/inputToLearn/007.jpg,     0.3626,     0.4872,     0.4978,     0.5019,30062.0000, 15774.0000, 14739.0000, 15157.0000,   195.6429,   141.7183,   136.9901,   138.9190,   200.9306,   147.3948,   142.0498,   142.2498,   190.5886,   136.3495,   132.3170,   135.8337,    70.9348,    69.0513,    68.1949,    69.7221,    72.8520,    71.8171,    70.7137,    71.3938,    69.1023,    66.4353,    65.8686,    68.1736,pequeña
/home/usuario/OrangeResults/inputToLearn/008.jpg,     0.3626,     0.4872,     0.4978,     0.5019,32791.0000, 16609.0000, 15570.0000, 15654.0000,   204.3301,   145.4209,   140.7989,   141.1782,   206.9136,   151.3633,   144.8320,   146.8543,   201.9156,   139.8799,   137.0381,   135.9035,    74.0846,    70.8553,    70.0910,    70.8559,    75.0213,    73.7507,    72.0987,    73.7047,    73.2091,    68.1555,    68.2188,    68.2086,grande
/home/usuario/OrangeResults/inputToLearn/009.jpg,     0.3626,     0.4872,     0.4978,     0.5019,29479.0000, 15522.0000, 15014.0000, 14836.0000,   193.7365,   140.5817,   138.2621,   137.4401,   201.1752,   147.2713,   145.0283,   144.9733,   186.8032,   134.3643,   131.9330,   130.4334,    70.2436,    68.4975,    68.8281,    68.9798,    72.9407,    71.7569,    72.1964,    72.7606,    67.7298,    65.4681,    65.6774,    65.4632,mediana
/home/usuario/OrangeResults/inputToLearn/010.jpg,     0.3626,     0.4872,     0.4978,     0.5019,35355.0000, 19876.0000, 18467.0000, 18977.0000,   212.1683,   159.0815,   153.3392,   155.4422,   225.6611,   170.5140,   167.9197,   163.7320,   199.6209,   148.6392,   140.3021,   147.7200,    76.9265,    77.5113,    76.3336,    78.0149,    81.8186,    83.0817,    83.5919,    82.1754,    72.3771,    72.4234,    69.8437,    74.1392,grande
/home/usuario/OrangeResults/inputToLearn/011.jpg,     0.3626,     0.4872,     0.4978,     0.5019,31479.0000, 16654.0000, 15727.0000, 16144.0000,   200.2007,   145.6178,   141.5070,   143.3708,   208.4702,   155.2603,   152.0513,   153.6256,   192.4819,   136.8020,   131.8114,   133.9049,    72.5874,    70.9512,    70.4435,    71.9564,    75.5857,    75.6495,    75.6925,    77.1032,    69.7887,    66.6558,    65.6169,    67.2055,grande
/home/usuario/OrangeResults/inputToLearn/012.jpg,     0.3626,     0.4872,     0.4978,     0.5019,33612.0000, 17698.0000, 16381.0000, 16813.0000,   206.8722,   150.1126,   144.4193,   146.3112,   211.2480,   157.8620,   149.4993,   154.5181,   202.6202,   142.8467,   139.5632,   138.6329,    75.0063,    73.1413,    71.8932,    73.4321,    76.5928,    76.9172,    74.4221,    77.5511,    73.4646,    69.6011,    69.4758,    69.5785,grande
/home/usuario/OrangeResults/inputToLearn/013.jpg,     0.3626,     0.4872,     0.4978,     0.5019,38861.0000, 20428.0000, 18295.0000, 19145.0000,   222.4396,   161.2753,   152.6234,   156.1287,   232.0565,   170.9680,   164.2741,   163.4185,   213.3200,   152.2522,   141.9732,   149.3048,    80.6506,    78.5803,    75.9773,    78.3594,    84.1374,    83.3029,    81.7771,    82.0181,    77.3441,    74.1838,    70.6756,    74.9346,grande
/home/usuario/OrangeResults/inputToLearn/014.jpg,     0.3626,     0.4872,     0.4978,     0.5019,33003.0000, 17000.0000, 16352.0000, 15745.0000,   204.9896,   147.1226,   144.2914,   141.5880,   209.8875,   149.5085,   149.2551,   146.7822,   200.3134,   144.8919,   139.6099,   137.3726,    74.3237,    71.6845,    71.8296,    71.0616,    76.0995,    72.8470,    74.3006,    73.6685,    72.6282,    70.5975,    69.4991,    68.9459,grande
/home/usuario/OrangeResults/inputToLearn/015.jpg,     0.3626,     0.4872,     0.4978,     0.5019,30842.0000, 15707.0000, 15485.0000, 15738.0000,   198.1647,   141.4170,   140.4141,   141.5565,   202.0027,   147.4618,   143.9971,   144.0711,   194.4419,   135.6705,   137.0044,   139.3381,    71.8492,    68.9045,    69.8994,    71.0458,    73.2407,    71.8497,    71.6830,    72.3078,    70.4994,    66.1045,    68.2020,    69.9324,grande
/home/usuario/OrangeResults/inputToLearn/016.jpg,     0.3626,     0.4872,     0.4978,     0.5019,31563.0000, 16040.0000, 15311.0000, 15155.0000,   200.4676,   142.9082,   139.6230,   138.9098,   207.1567,   150.5701,   140.8961,   145.6926,   194.1036,   135.7245,   138.4086,   132.5251,    72.6841,    69.6310,    69.5056,    69.7175,    75.1094,    73.3642,    70.1394,    73.1217,    70.3767,    66.1308,    68.9010,    66.5130,grande
/home/usuario/OrangeResults/inputToLearn/017.jpg,     0.3626,     0.4872,     0.4978,     0.5019,30482.0000, 15931.0000, 15100.0000, 15434.0000,   197.0048,   142.4218,   138.6576,   140.1827,   204.7254,   149.8943,   145.3208,   143.3269,   189.7173,   135.3817,   132.3971,   137.1722,    71.4286,    69.3940,    69.0250,    70.3563,    74.2279,    73.0350,    72.3420,    71.9343,    68.7864,    65.9638,    65.9085,    68.8454,mediana
/home/usuario/OrangeResults/inputToLearn/018.jpg,     0.3626,     0.4872,     0.4978,     0.5019,32795.0000, 16915.0000, 16190.0000, 16679.0000,   204.3426,   146.7544,   143.5749,   145.7270,   217.2351,   154.3797,   151.0622,   150.4665,   192.3717,   139.6205,   136.5723,   141.2485,    74.0891,    71.5050,    71.4729,    73.1389,    78.7636,    75.2204,    75.2001,    75.5176,    69.7488,    68.0291,    67.9869,    70.8912,grande
/home/usuario/OrangeResults/inputToLearn/019.jpg,     0.3626,     0.4872,     0.4978,     0.5019,24034.0000, 12452.0000, 11553.0000, 12234.0000,   174.9315,   125.9142,   121.2837,   124.8071,   185.8450,   132.4110,   128.7942,   133.2027,   164.7476,   119.9402,   114.4117,   117.0827,    63.4254,    61.3508,    60.3761,    62.6394,    67.3824,    64.5163,    64.1149,    66.8531,    59.7330,    58.4400,    56.9552,    58.7627,pequeña
/home/usuario/OrangeResults/inputToLearn/020.jpg,     0.3626,     0.4872,     0.4978,     0.5019,27283.0000, 15013.0000, 13835.0000, 14077.0000,   186.3808,   138.2575,   132.7225,   133.8783,   193.0083,   145.6541,   139.5279,   140.1137,   180.0772,   131.3789,   126.5700,   128.1335,    67.5766,    67.3650,    66.0705,    67.1922,    69.9796,    70.9689,    69.4583,    70.3217,    65.2911,    64.0134,    63.0077,    64.3089,mediana
/home/usuario/OrangeResults/inputToLearn/021.jpg,     0.3626,     0.4872,     0.4978,     0.5019,30533.0000, 16142.0000, 15129.0000, 15905.0000,   197.1695,   143.3619,   138.7906,   142.3056,   202.0863,   151.1061,   143.3948,   147.1988,   192.4415,   136.0659,   134.5422,   137.6716,    71.4883,    69.8521,    69.0912,    71.4217,    73.2710,    73.6254,    71.3832,    73.8776,    69.7741,    66.2972,    66.9763,    69.0960,grande
/home/usuario/OrangeResults/inputToLearn/022.jpg,     0.3626,     0.4872,     0.4978,     0.5019,25618.0000, 13126.0000, 12731.0000, 12773.0000,   180.6041,   129.2770,   127.3170,   127.5268,   189.5644,   137.0034,   134.1044,   135.0450,   172.1546,   122.0580,   121.0055,   120.5725,    65.4822,    62.9893,    63.3795,    64.0044,    68.7309,    66.7540,    66.7584,    67.7777,    62.4186,    59.4719,    60.2376,    60.5141,pequeña
/home/usuario/OrangeResults/inputToLearn/023.jpg,     0.3626,     0.4872,     0.4978,     0.5019,32842.0000, 17391.0000, 15686.0000, 16408.0000,   204.4890,   148.8049,   141.3225,   144.5383,   213.5413,   153.1522,   146.9518,   148.1445,   195.8947,   144.6286,   136.6994,   141.7737,    74.1422,    72.5042,    70.3516,    72.5423,    77.4243,    74.6223,    73.1539,    74.3522,    71.0261,    70.4693,    68.0502,    71.1548,grande
/home/usuario/OrangeResults/inputToLearn/024.jpg,     0.3626,     0.4872,     0.4978,     0.5019,31181.0000, 16490.0000, 15128.0000, 15705.0000,   199.2508,   144.8990,   138.7861,   141.4080,   212.9352,   150.3144,   148.4901,   149.3908,   186.5140,   139.7610,   129.9755,   133.9646,    72.2430,    70.6010,    69.0889,    70.9713,    77.2046,    73.2396,    73.9197,    74.9777,    67.6249,    68.0976,    64.7030,    67.2355,mediana
/home/usuario/OrangeResults/inputToLearn/025.jpg,     0.3626,     0.4872,     0.4978,     0.5019,29101.0000, 15200.0000, 14063.0000, 14791.0000,   192.4904,   139.1159,   133.8117,   137.2315,   201.0568,   144.6837,   141.3248,   141.8230,   184.3801,   133.8886,   126.7611,   132.8679,    69.7918,    67.7833,    66.6127,    68.8751,    72.8978,    70.4961,    70.3528,    71.1795,    66.8513,    65.2363,    63.1028,    66.6851,mediana
/home/usuario/OrangeResults/inputToLearn/026.jpg,     0.3626,     0.4872,     0.4978,     0.5019,29920.0000, 15705.0000, 14914.0000, 15207.0000,   195.1802,   141.4080,   137.8009,   139.1480,   203.7422,   151.9651,   148.0603,   149.2641,   187.1309,   131.8343,   128.3540,   129.8967,    70.7671,    68.9001,    68.5985,    69.8370,    73.8714,    74.0439,    73.7057,    74.9141,    67.8486,    64.2353,    63.8958,    65.1939,mediana
/home/usuario/OrangeResults/inputToLearn/027.jpg,     0.3626,     0.4872,     0.4978,     0.5019,27813.0000, 14633.0000, 13887.0000, 14129.0000,   188.1824,   136.4966,   132.9717,   134.1253,   201.2499,   144.1561,   143.6235,   144.1923,   176.0737,   129.3441,   123.2051,   124.8865,    68.2299,    66.5070,    66.1945,    67.3162,    72.9678,    70.2391,    71.4971,    72.3687,    63.8396,    63.0220,    61.3326,    62.6793,pequeña
/home/usuario/OrangeResults/inputToLearn/028.jpg,     0.3626,     0.4872,     0.4978,     0.5019,27413.0000, 14575.0000, 13445.0000, 13896.0000,   186.8243,   136.2258,   130.8385,   133.0148,   191.8822,   144.5134,   138.8135,   139.5791,   182.1082,   128.5831,   123.3916,   126.8679,    67.7374,    66.3751,    65.1326,    66.7588,    69.5713,    70.4131,    69.1026,    70.0534,    66.0275,    62.6512,    61.4254,    63.6737,pequeña
/home/usuario/OrangeResults/inputToLearn/029.jpg,     0.3626,     0.4872,     0.4978,     0.5019,27171.0000, 14491.0000, 12938.0000, 13862.0000,   185.9978,   135.8327,   128.3479,   132.8520,   194.8935,   140.4322,   132.1547,   134.7297,   178.1046,   131.5299,   125.7857,   131.1691,    67.4378,    66.1835,    63.8927,    66.6771,    70.6631,    68.4246,    65.7878,    67.6195,    64.5759,    64.0870,    62.6173,    65.8325,mediana
/home/usuario/OrangeResults/inputToLearn/030.jpg,     0.3626,     0.4872,     0.4978,     0.5019,27037.0000, 14468.0000, 13178.0000, 13518.0000,   185.5386,   135.7248,   129.5328,   131.1932,   195.8166,   143.5239,   138.3513,   138.1751,   175.9562,   128.5372,   121.4547,   124.7123,    67.2713,    66.1310,    64.4826,    65.8445,    70.9978,    69.9310,    68.8725,    69.3487,    63.7970,    62.6289,    60.4613,    62.5919,pequeña
/home/usuario/OrangeResults/inputToLearn/031.jpg,     0.3626,     0.4872,     0.4978,     0.5019,31956.0000, 15824.0000, 15152.0000, 15040.0000,   201.7118,   141.9427,   138.8961,   138.3818,   206.0202,   145.7916,   143.2434,   140.0031,   197.6051,   138.2614,   134.7784,   136.9070,    73.1352,    69.1606,    69.1437,    69.4524,    74.6974,    71.0359,    71.3079,    70.2662,    71.6463,    67.3669,    67.0939,    68.7122,grande
/home/usuario/OrangeResults/inputToLearn/032.jpg,     0.3626,     0.4872,     0.4978,     0.5019,28332.0000, 14296.0000, 13446.0000, 14151.0000,   189.9300,   134.9156,   130.8433,   134.2297,   201.8582,   146.3414,   140.9909,   142.1474,   178.8879,   124.5526,   121.6439,   126.8852,    68.8635,    65.7367,    65.1350,    67.3685,    73.1883,    71.3038,    70.1866,    71.3424,    64.8599,    60.6874,    60.5554,    63.6824,pequeña
/home/usuario/OrangeResults/inputToLearn/033.jpg,     0.3626,     0.4872,     0.4978,     0.5019,26649.0000, 13715.0000, 13338.0000, 13690.0000,   184.2025,   132.1457,   130.3168,   132.0252,   191.2565,   140.7691,   137.4270,   138.9665,   177.4632,   124.1660,   123.6229,   125.5448,    66.7869,    64.3871,    64.8729,    66.2621,    69.3445,    68.5888,    68.4124,    69.7459,    64.3434,    60.4990,    61.5406,    63.0097,pequeña
/home/usuario/OrangeResults/inputToLearn/034.jpg,     0.3626,     0.4872,     0.4978,     0.5019,34000.0000, 17584.0000, 16334.0000, 16873.0000,   208.0628,   149.6284,   144.2120,   146.5721,   212.1212,   155.6404,   147.8363,   150.4627,   204.2090,   143.9496,   140.7451,   142.9650,    75.4380,    72.9054,    71.7900,    73.5631,    76.9094,    75.8347,    73.5943,    75.5157,    74.0407,    70.1384,    70.0642,    71.7527,grande
/home/usuario/OrangeResults/inputToLearn/035.jpg,     0.3626,     0.4872,     0.4978,     0.5019,31808.0000, 15979.0000, 16369.0000, 16057.0000,   201.2441,   142.6362,   144.3664,   142.9839,   210.7346,   150.3345,   147.8956,   147.0980,   192.4049,   135.4201,   141.1009,   139.1591,    72.9657,    69.4985,    71.8669,    71.7622,    76.4067,    73.2494,    73.6237,    73.8270,    69.7608,    65.9825,    70.2413,    69.8425,grande
/home/usuario/OrangeResults/inputToLearn/036.jpg,     0.3626,     0.4872,     0.4978,     0.5019,30784.0000, 15830.0000, 14791.0000, 14485.0000,   197.9783,   141.9697,   137.2315,   135.8045,   203.0445,   154.4600,   143.6238,   142.6744,   193.1193,   130.5495,   131.2464,   130.0343,    71.7816,    69.1737,    68.3151,    68.1589,    73.6184,    75.2595,    71.4972,    71.6069,    70.0198,    63.6093,    65.3356,    65.2629,mediana
/home/usuario/OrangeResults/inputToLearn/037.jpg,     0.3626,     0.4872,     0.4978,     0.5019,32120.0000, 16782.0000, 15711.0000, 16114.0000,   202.2287,   146.1763,   141.4350,   143.2375,   206.8092,   151.9100,   144.4857,   148.9209,   197.8390,   140.7265,   138.5045,   137.8259,    73.3227,    71.2234,    70.4076,    71.8895,    74.9834,    74.0171,    71.9263,    74.7419,    71.7311,    68.5680,    68.9488,    69.1735,grande
/home/usuario/OrangeResults/inputToLearn/038.jpg,     0.3626,     0.4872,     0.4978,     0.5019,30654.0000, 16343.0000, 15327.0000, 15348.0000,   197.5598,   144.2517,   139.6959,   139.7916,   200.6436,   155.1040,   143.9515,   147.1182,   194.5882,   134.2911,   135.6672,   133.0413,    71.6299,    70.2856,    69.5419,    70.1600,    72.7480,    75.5733,    71.6603,    73.8371,    70.5524,    65.4324,    67.5363,    66.7721,mediana
/home/usuario/OrangeResults/inputToLearn/039.jpg,     0.3626,     0.4872,     0.4978,     0.5019,32373.0000, 16691.0000, 15836.0000, 16243.0000,   203.0236,   145.7794,   141.9966,   143.8097,   210.6357,   154.4670,   146.5831,   146.1210,   195.7691,   137.6589,   137.6750,   141.7469,    73.6109,    71.0300,    70.6872,    72.1767,    76.3708,    75.2630,    72.9704,    73.3367,    70.9806,    67.0734,    68.5358,    71.1413,grande
/home/usuario/OrangeResults/inputToLearn/040.jpg,     0.3626,     0.4872,     0.4978,     0.5019,31636.0000, 16460.0000, 15444.0000, 16085.0000,   200.6993,   144.7671,   140.2281,   143.1086,   207.8770,   150.2908,   145.7718,   147.0229,   193.8654,   139.5136,   135.3422,   139.3952,    72.7681,    70.5368,    69.8068,    71.8248,    75.3706,    73.2281,    72.5665,    73.7893,    70.2904,    67.9770,    67.3746,    69.9610,mediana
/home/usuario/OrangeResults/inputToLearn/041.jpg,     0.3626,     0.4872,     0.4978,     0.5019,27971.0000, 14807.0000, 13711.0000, 14160.0000,   188.7161,   137.3057,   132.1264,   134.2724,   194.2720,   144.7593,   139.3072,   142.2721,   183.4360,   130.2904,   125.4074,   126.9599,    68.4234,    66.9012,    65.7737,    67.3900,    70.4378,    70.5329,    69.3484,    71.4049,    66.5090,    63.4831,    62.4289,    63.7199,mediana
/home/usuario/OrangeResults/inputToLearn/042.jpg,     0.3626,     0.4872,     0.4978,     0.5019,32395.0000, 17230.0000, 16113.0000, 16199.0000,   203.0926,   148.1145,   143.2331,   143.6148,   212.0708,   150.4060,   148.9668,   147.9477,   194.5738,   145.9251,   137.8499,   139.5165,    73.6359,    72.1678,    71.3027,    72.0788,    76.8911,    73.2843,    74.1570,    74.2535,    70.5472,    71.1010,    68.6229,    70.0219,grande
/home/usuario/OrangeResults/inputToLearn/043.jpg,     0.3626,     0.4872,     0.4978,     0.5019,33057.0000, 17301.0000, 16096.0000, 16654.0000,   205.1572,   148.4194,   143.1575,   145.6178,   214.5384,   157.7796,   152.3373,   151.5442,   196.2623,   139.7276,   134.6155,   140.0252,    74.3845,    72.3163,    71.2651,    73.0841,    77.7858,    76.8770,    75.8349,    76.0585,    71.1594,    68.0813,    67.0128,    70.2772,grande
/home/usuario/OrangeResults/inputToLearn/044.jpg,     0.3626,     0.4872,     0.4978,     0.5019,32989.0000, 16904.0000, 16525.0000, 16347.0000,   204.9461,   146.7067,   145.0527,   144.2694,   208.7989,   149.2648,   148.4494,   149.1972,   201.2798,   144.2812,   141.8226,   139.5610,    74.3079,    71.4818,    72.2085,    72.4073,    75.7048,    72.7283,    73.8994,    74.8806,    72.9786,    70.3000,    70.6006,    70.0443,grande
/home/usuario/OrangeResults/inputToLearn/045.jpg,     0.3626,     0.4872,     0.4978,     0.5019,35171.0000, 19178.0000, 17866.0000, 18431.0000,   211.6155,   156.2632,   150.8234,   153.1897,   222.0876,   157.8672,   162.2968,   156.6014,   202.0925,   155.0023,   140.9989,   149.9463,    76.7261,    76.1382,    75.0812,    76.8844,    80.5230,    76.9197,    80.7928,    78.5967,    73.2733,    75.5238,    70.1905,    75.2566,grande
/home/usuario/OrangeResults/inputToLearn/046.jpg,     0.3626,     0.4872,     0.4978,     0.5019,33651.0000, 17436.0000, 16269.0000, 16477.0000,   206.9922,   148.9973,   143.9248,   144.8419,   215.5077,   159.0330,   153.4693,   149.4878,   198.9628,   139.7748,   135.2573,   141.3543,    75.0498,    72.5979,    71.6470,    72.6947,    78.1373,    77.4877,    76.3984,    75.0264,    72.1386,    68.1043,    67.3323,    70.9443,grande
/home/usuario/OrangeResults/inputToLearn/047.jpg,     0.3626,     0.4872,     0.4978,     0.5019,32876.0000, 17347.0000, 16646.0000, 16845.0000,   204.5948,   148.6166,   145.5828,   146.4504,   212.6593,   161.0981,   147.0336,   156.4743,   196.9106,   137.2193,   144.2450,   137.3967,    74.1805,    72.4124,    72.4724,    73.5020,    77.1045,    78.4939,    73.1947,    78.5329,    71.3945,    66.8591,    71.8065,    68.9580,grande
/home/usuario/OrangeResults/inputToLearn/048.jpg,     0.3626,     0.4872,     0.4978,     0.5019,30624.0000, 16468.0000, 15152.0000, 15616.0000,   197.4631,   144.8023,   138.8961,   141.0068,   210.8504,   150.5806,   150.2423,   147.5719,   185.1729,   139.3849,   128.5061,   134.9274,    71.5948,    70.5539,    69.1437,    70.7699,    76.4487,    73.3693,    74.7920,    74.0648,    67.1387,    67.9143,    63.9715,    67.7187,mediana
/home/usuario/OrangeResults/inputToLearn/049.jpg,     0.3626,     0.4872,     0.4978,     0.5019,29351.0000, 15367.0000, 14623.0000, 14946.0000,   193.3154,   139.8781,   136.4499,   137.9487,   206.1917,   145.4893,   144.8492,   143.3969,   181.3691,   134.7379,   128.6265,   132.8343,    70.0910,    68.1546,    67.9260,    69.2351,    74.7596,    70.8886,    72.1072,    71.9695,    65.7595,    65.6501,    64.0314,    66.6682,mediana
/home/usuario/OrangeResults/inputToLearn/050.jpg,     0.3626,     0.4872,     0.4978,     0.5019,26066.0000, 13717.0000, 12993.0000, 12948.0000,   182.1765,   132.1553,   128.6204,   128.3975,   188.0362,   136.9855,   134.2461,   134.1285,   176.7077,   127.6823,   123.3636,   122.9994,    66.0523,    64.3918,    64.0284,    64.4414,    68.1769,    66.7452,    66.8289,    67.3178,    64.0694,    62.2123,    61.4115,    61.7322,pequeña
/home/usuario/OrangeResults/inputToLearn/051.jpg,     0.3626,     0.4872,     0.4978,     0.5019,29049.0000, 15403.0000, 14725.0000, 15175.0000,   192.3183,   140.0418,   136.9250,   139.0015,   200.2915,   150.3888,   144.9578,   146.4854,   184.7479,   130.4553,   129.4218,   132.0402,    69.7294,    68.2344,    68.1625,    69.7635,    72.6203,    73.2759,    72.1613,    73.5196,    66.9846,    63.5634,    64.4273,    66.2697,mediana
/home/usuario/OrangeResults/inputToLearn/052.jpg,     0.3626,     0.4872,     0.4978,     0.5019,32227.0000, 17470.0000, 16578.0000, 16426.0000,   202.5653,   149.1425,   145.2851,   144.6175,   205.7619,   151.8686,   148.0007,   146.3710,   199.5852,   146.5270,   142.7321,   142.9932,    73.4447,    72.6687,    72.3242,    72.5821,    74.6037,    73.9969,    73.6761,    73.4621,    72.3642,    71.3943,    71.0533,    71.7668,grande
/home/usuario/OrangeResults/inputToLearn/053.jpg,     0.3626,     0.4872,     0.4978,     0.5019,31822.0000, 15940.0000, 15153.0000, 15962.0000,   201.2884,   142.4621,   138.9007,   142.5603,   203.6679,   147.7890,   142.8052,   145.8757,   199.0117,   137.4155,   135.1491,   139.5001,    72.9817,    69.4136,    69.1460,    71.5496,    73.8445,    72.0091,    71.0897,    73.2136,    72.1563,    66.9548,    67.2784,    70.0137,grande
/home/usuario/OrangeResults/inputToLearn/054.jpg,     0.3626,     0.4872,     0.4978,     0.5019,32193.0000, 16734.0000, 15852.0000, 16178.0000,   202.4584,   145.9671,   142.0683,   143.5217,   202.9916,   154.1096,   144.2424,   148.1654,   201.9835,   138.3775,   140.0059,   139.1200,    73.4059,    71.1214,    70.7229,    72.0321,    73.5993,    75.0888,    71.8052,    74.3627,    73.2338,    67.4235,    69.6962,    69.8229,grande
/home/usuario/OrangeResults/inputToLearn/055.jpg,     0.3626,     0.4872,     0.4978,     0.5019,33749.0000, 17057.0000, 16389.0000, 16397.0000,   207.2934,   147.3691,   144.4546,   144.4898,   209.9197,   156.0285,   147.4021,   149.9841,   205.1701,   139.8845,   141.9437,   139.7222,    75.1590,    71.8046,    71.9108,    72.5180,    76.1112,    76.0238,    73.3781,    75.2755,    74.3891,    68.1577,    70.6609,    70.1252,grande
/home/usuario/OrangeResults/inputToLearn/056.jpg,     0.3626,     0.4872,     0.4978,     0.5019,32536.0000, 17162.0000, 15841.0000, 16461.0000,   203.5341,   147.8220,   142.0190,   144.7715,   210.3147,   157.5872,   149.7466,   152.8290,   197.0613,   138.7952,   134.7551,   137.2173,    73.7960,    72.0252,    70.6983,    72.6594,    76.2544,    76.7832,    74.5452,    76.7033,    71.4491,    67.6270,    67.0823,    68.8680,grande
/home/usuario/OrangeResults/inputToLearn/057.jpg,     0.3626,     0.4872,     0.4978,     0.5019,31153.0000, 16859.0000, 16005.0000, 15442.0000,   199.1613,   146.5112,   142.7522,   140.2190,   204.7269,   155.2230,   146.8722,   144.8121,   193.8531,   138.4121,   138.8532,   135.8498,    72.2105,    71.3866,    71.0633,    70.3745,    74.2285,    75.6313,    73.1143,    72.6797,    70.2859,    67.4403,    69.1224,    68.1816,grande
/home/usuario/OrangeResults/inputToLearn/058.jpg,     0.3626,     0.4872,     0.4978,     0.5019,29108.0000, 15447.0000, 14669.0000, 14944.0000,   192.5135,   140.2417,   136.6644,   137.9394,   197.0539,   149.1579,   143.3087,   144.2706,   188.1442,   132.0915,   130.6265,   132.0050,    69.8002,    68.3318,    68.0328,    69.2304,    71.4464,    72.6761,    71.3403,    72.4080,    68.2160,    64.3607,    65.0271,    66.2520,mediana
/home/usuario/OrangeResults/inputToLearn/059.jpg,     0.3626,     0.4872,     0.4978,     0.5019,26685.0000, 14083.0000, 12748.0000, 13515.0000,   184.3269,   133.9068,   127.4020,   131.1786,   187.3073,   139.2649,   130.9060,   134.5134,   181.5192,   128.8292,   124.0965,   128.0164,    66.8319,    65.2452,    63.4218,    65.8372,    67.9126,    67.8559,    65.1662,    67.5109,    65.8140,    62.7711,    61.7763,    64.2501,mediana
/home/usuario/OrangeResults/inputToLearn/060.jpg,     0.3626,     0.4872,     0.4978,     0.5019,30963.0000, 16785.0000, 15474.0000, 15907.0000,   198.5531,   146.1893,   140.3642,   142.3145,   202.4753,   154.6877,   147.1285,   148.5966,   194.7931,   138.2746,   134.0063,   136.3601,    71.9900,    71.2297,    69.8746,    71.4262,    73.4121,    75.3705,    73.2419,    74.5791,    70.6267,    67.3733,    66.7095,    68.4377,grande
/home/usuario/OrangeResults/inputToLearn/061.jpg,     0.3626,     0.4872,     0.4978,     0.5019,27614.0000, 14820.0000, 13921.0000, 13926.0000,   187.5080,   137.3660,   133.1344,   133.1583,   195.5579,   146.1434,   140.6858,   139.4236,   179.8943,   129.1631,   126.1462,   127.3131,    67.9853,    66.9306,    66.2755,    66.8308,    70.9040,    71.2074,    70.0347,    69.9753,    65.2248,    62.9338,    62.7967,    63.8972,pequeña
/home/usuario/OrangeResults/inputToLearn/062.jpg,     0.3626,     0.4872,     0.4978,     0.5019,26096.0000, 14479.0000, 13113.0000, 13446.0000,   182.2813,   135.7764,   129.2130,   130.8433,   193.3111,   145.8922,   139.3297,   139.6406,   171.9545,   126.4711,   120.2162,   122.7484,    66.0903,    66.1561,    64.3234,    65.6690,    70.0894,    71.0849,    69.3596,    70.0842,    62.3461,    61.6221,    59.8447,    61.6062,pequeña
/home/usuario/OrangeResults/inputToLearn/063.jpg,     0.3626,     0.4872,     0.4978,     0.5019,25316.0000, 13461.0000, 12839.0000, 12894.0000,   179.5364,   130.9163,   127.8559,   128.1294,   196.9536,   140.7339,   138.9886,   138.5329,   163.8076,   121.8731,   117.9279,   118.6643,    65.0951,    63.7881,    63.6478,    64.3069,    71.4101,    68.5716,    69.1898,    69.5283,    59.3922,    59.3818,    58.7056,    59.5564,pequeña
/home/usuario/OrangeResults/inputToLearn/064.jpg,     0.3626,     0.4872,     0.4978,     0.5019,28004.0000, 14380.0000, 13763.0000, 14126.0000,   188.8274,   135.3114,   132.3767,   134.1111,   194.7489,   143.4436,   137.1425,   140.1841,   183.1598,   127.8140,   127.9374,   128.4616,    68.4637,    65.9295,    65.8983,    67.3090,    70.6107,    69.8919,    68.2708,    70.3570,    66.4088,    62.2765,    63.6884,    64.4736,mediana
/home/usuario/OrangeResults/inputToLearn/065.jpg,     0.3626,     0.4872,     0.4978,     0.5019,32029.0000, 17161.0000, 15898.0000, 15972.0000,   201.9420,   147.8177,   142.2743,   142.6050,   204.4603,   154.3524,   146.2027,   147.2199,   199.6731,   141.7624,   138.5925,   138.4619,    73.2187,    72.0231,    70.8254,    71.5720,    74.1318,    75.2071,    72.7810,    73.8882,    72.3961,    69.0727,    68.9926,    69.4926,grande
/home/usuario/OrangeResults/inputToLearn/066.jpg,     0.3626,     0.4872,     0.4978,     0.5019,30543.0000, 16348.0000, 14968.0000, 15472.0000,   197.2018,   144.2738,   138.0502,   140.3551,   203.9532,   150.6676,   143.3290,   143.7710,   190.7221,   138.2009,   133.1566,   137.1109,    71.5001,    70.2964,    68.7226,    70.4428,    73.9479,    73.4117,    71.3505,    72.1572,    69.1507,    67.3374,    66.2865,    68.8146,mediana
/home/usuario/OrangeResults/inputToLearn/067.jpg,     0.3626,     0.4872,     0.4978,     0.5019,35861.0000, 18533.0000, 16958.0000, 18391.0000,   213.6812,   153.6130,   146.9408,   153.0234,   215.7473,   166.7455,   151.6936,   161.6255,   211.7379,   141.6705,   142.4083,   145.0171,    77.4750,    74.8469,    73.1484,    76.8009,    78.2242,    81.2456,    75.5144,    81.1182,    76.7704,    69.0280,    70.8921,    72.7826,grande
/home/usuario/OrangeResults/inputToLearn/068.jpg,     0.3626,     0.4872,     0.4978,     0.5019,30683.0000, 16612.0000, 15209.0000, 14865.0000,   197.6533,   145.4340,   139.1571,   137.5744,   199.9666,   150.5427,   139.3969,   141.3544,   195.4749,   140.6679,   138.9915,   134.0270,    71.6637,    70.8617,    69.2737,    69.0472,    72.5025,    73.3509,    69.3930,    70.9444,    70.8739,    68.5394,    69.1912,    67.2668,grande
/home/usuario/OrangeResults/inputToLearn/069.jpg,     0.3626,     0.4872,     0.4978,     0.5019,34136.0000, 18286.0000, 16729.0000, 15847.0000,   208.4785,   152.5859,   145.9453,   142.0459,   216.7268,   161.0166,   155.1676,   149.7960,   200.6935,   144.7224,   137.4450,   137.2230,    75.5887,    74.3464,    72.6529,    71.2914,    78.5793,    78.4542,    77.2438,    75.1811,    72.7661,    70.5150,    68.4213,    68.8709,grande
/home/usuario/OrangeResults/inputToLearn/070.jpg,     0.3626,     0.4872,     0.4978,     0.5019,29983.0000, 16039.0000, 14817.0000, 14835.0000,   195.3856,   142.9038,   137.3521,   137.4355,   197.1322,   151.4789,   138.1458,   142.4971,   193.6948,   134.9325,   136.6717,   132.6540,    70.8416,    69.6289,    68.3751,    68.9775,    71.4748,    73.8071,    68.7702,    71.5179,    70.2285,    65.7449,    68.0364,    66.5777,grande
/home/usuario/OrangeResults/inputToLearn/071.jpg,     0.3626,     0.4872,     0.4978,     0.5019,28382.0000, 14950.0000, 13664.0000, 14509.0000,   190.0976,   137.9671,   131.8998,   135.9170,   205.1765,   144.2431,   145.3531,   142.3145,   176.2230,   132.1788,   119.8173,   129.9766,    68.9242,    67.2235,    65.6609,    68.2154,    74.3915,    70.2814,    72.3581,    71.4262,    63.8937,    64.4032,    59.6461,    65.2340,pequeña
/home/usuario/OrangeResults/inputToLearn/072.jpg,     0.3626,     0.4872,     0.4978,     0.5019,31449.0000, 16631.0000, 15858.0000, 16261.0000,   200.1052,   145.5172,   142.0952,   143.8894,   201.2677,   151.9737,   144.1424,   149.3995,   199.0382,   139.4316,   140.2655,   138.7205,    72.5528,    70.9022,    70.7362,    72.2166,    72.9742,    74.0481,    71.7554,    74.9821,    72.1659,    67.9370,    69.8254,    69.6224,grande
/home/usuario/OrangeResults/inputToLearn/073.jpg,     0.3626,     0.4872,     0.4978,     0.5019,36550.0000, 19883.0000, 19712.0000, 18793.0000,   215.7241,   159.1095,   158.4238,   154.6868,   224.7989,   169.1855,   174.4491,   163.5798,   207.4007,   149.9874,   146.4111,   148.5657,    78.2157,    77.5250,    78.8648,    77.6357,    81.5060,    82.4345,    86.8423,    82.0991,    75.1979,    73.0803,    72.8848,    74.5636,grande
/home/usuario/OrangeResults/inputToLearn/074.jpg,     0.3626,     0.4872,     0.4978,     0.5019,31790.0000, 16690.0000, 15957.0000, 15856.0000,   201.1872,   145.7751,   142.5380,   142.0862,   205.6747,   153.3184,   146.7100,   146.8615,   196.9171,   138.7683,   138.5804,   137.6717,    72.9450,    71.0279,    70.9567,    71.3116,    74.5721,    74.7033,    73.0336,    73.7083,    71.3968,    67.6139,    68.9866,    69.0961,grande
/home/usuario/OrangeResults/inputToLearn/075.jpg,     0.3626,     0.4872,     0.4978,     0.5019,34960.0000, 18644.0000, 17044.0000, 17655.0000,   210.9797,   154.0723,   147.3129,   149.9301,   227.7646,   162.5888,   160.1128,   156.8129,   195.6104,   146.3471,   135.7798,   143.5878,    76.4956,    75.0707,    73.3337,    75.2484,    82.5813,    79.2203,    79.7056,    78.7028,    70.9230,    71.3066,    67.5924,    72.0653,grande
/home/usuario/OrangeResults/inputToLearn/076.jpg,     0.3626,     0.4872,     0.4978,     0.5019,35268.0000, 18502.0000, 17252.0000, 17615.0000,   211.9071,   153.4845,   148.2091,   149.7602,   214.9667,   159.7596,   150.4103,   156.6221,   209.0491,   147.5354,   146.0907,   143.2521,    76.8318,    74.7842,    73.7798,    75.1631,    77.9411,    77.8417,    74.8756,    78.6071,    75.7956,    71.8856,    72.7252,    71.8968,grande
/home/usuario/OrangeResults/inputToLearn/077.jpg,     0.3626,     0.4872,     0.4978,     0.5019,33442.0000, 17671.0000, 15955.0000, 16569.0000,   206.3484,   149.9981,   142.5291,   145.2457,   211.9650,   154.2774,   147.6129,   148.2034,   201.0441,   145.9430,   137.6907,   142.4722,    74.8164,    73.0855,    70.9523,    72.8974,    76.8528,    75.1706,    73.4831,    74.3818,    72.8932,    71.1097,    68.5437,    71.5054,grande
/home/usuario/OrangeResults/inputToLearn/078.jpg,     0.3626,     0.4872,     0.4978,     0.5019,31984.0000, 16849.0000, 15933.0000, 16260.0000,   201.8001,   146.4678,   142.4308,   143.8849,   208.0292,   157.4821,   146.4297,   151.1131,   195.8414,   136.3580,   138.6717,   137.1265,    73.1673,    71.3654,    70.9033,    72.2144,    75.4258,    76.7320,    72.8940,    75.8422,    71.0068,    66.4395,    69.0320,    68.8224,grande
/home/usuario/OrangeResults/inputToLearn/079.jpg,     0.3626,     0.4872,     0.4978,     0.5019,31552.0000, 16619.0000, 15329.0000, 15723.0000,   200.4327,   145.4647,   139.7050,   141.4890,   203.7380,   151.9850,   143.8037,   144.6151,   197.3010,   139.2884,   135.7812,   138.4866,    72.6715,    70.8766,    69.5464,    71.0119,    73.8699,    74.0537,    71.5868,    72.5809,    71.5360,    67.8673,    67.5931,    69.5050,grande
/home/usuario/OrangeResults/inputToLearn/080.jpg,     0.3626,     0.4872,     0.4978,     0.5019,28027.0000, 15170.0000, 14062.0000, 14272.0000,   188.9050,   138.9786,   133.8069,   134.8024,   200.3272,   149.2825,   143.7958,   145.3695,   178.2124,   129.5824,   124.6285,   125.1408,    68.4918,    67.7163,    66.6103,    67.6560,    72.6332,    72.7369,    71.5829,    72.9595,    64.6150,    63.1381,    62.0412,    62.8069,pequeña
/home/usuario/OrangeResults/inputToLearn/081.jpg,     0.3626,     0.4872,     0.4978,     0.5019,31129.0000, 16402.0000, 15538.0000, 16123.0000,   199.0846,   144.5119,   140.6542,   143.2775,   201.6591,   151.0913,   143.2711,   150.0087,   196.6528,   138.3463,   138.1641,   136.9765,    72.1827,    70.4124,    70.0189,    71.9095,    73.1161,    73.6182,    71.3216,    75.2879,    71.3010,    67.4083,    68.7793,    68.7471,grande
/home/usuario/OrangeResults/inputToLearn/082.jpg,     0.3626,     0.4872,     0.4978,     0.5019,33752.0000, 17342.0000, 16085.0000, 17078.0000,   207.3026,   148.5952,   143.1086,   147.4598,   214.0166,   155.0670,   148.7683,   150.9328,   200.8689,   142.4922,   137.7134,   144.1820,    75.1623,    72.4019,    71.2407,    74.0086,    77.5967,    75.5553,    74.0582,    75.7517,    72.8296,    69.4283,    68.5549,    72.3635,grande
/home/usuario/OrangeResults/inputToLearn/083.jpg,     0.3626,     0.4872,     0.4978,     0.5019,35322.0000, 18291.0000, 17260.0000, 17727.0000,   212.0693,   152.6068,   148.2434,   150.2355,   223.3865,   162.0457,   158.2033,   157.7310,   201.4798,   144.0045,   139.1502,   143.2384,    76.8906,    74.3566,    73.7969,    75.4017,    80.9939,    78.9557,    78.7551,    79.1636,    73.0511,    70.1652,    69.2702,    71.8899,grande
/home/usuario/OrangeResults/inputToLearn/084.jpg,     0.3626,     0.4872,     0.4978,     0.5019,32845.0000, 17753.0000, 16750.0000, 17449.0000,   204.4983,   150.3457,   146.0369,   149.0529,   213.2941,   158.4425,   154.1724,   156.0268,   196.1550,   142.7926,   138.3973,   142.5073,    74.1456,    73.2549,    72.6985,    74.8081,    77.3347,    77.2000,    76.7484,    78.3083,    71.1205,    69.5747,    68.8954,    71.5230,grande
/home/usuario/OrangeResults/inputToLearn/085.jpg,     0.3626,     0.4872,     0.4978,     0.5019,34580.0000, 18531.0000, 17321.0000, 17868.0000,   209.8300,   153.6047,   148.5052,   150.8318,   219.1567,   161.2014,   157.0874,   158.1213,   201.1080,   146.4637,   140.5521,   143.9764,    76.0787,    74.8428,    73.9272,    75.7010,    79.4603,    78.5443,    78.1995,    79.3595,    72.9163,    71.3634,    69.9681,    72.2603,grande
/home/usuario/OrangeResults/inputToLearn/086.jpg,     0.3626,     0.4872,     0.4978,     0.5019,30906.0000, 16611.0000, 15002.0000, 15493.0000,   198.3702,   145.4296,   138.2069,   140.4503,   206.5792,   152.1038,   146.9748,   148.0710,   190.5838,   139.1640,   130.0517,   133.2816,    71.9237,    70.8596,    68.8006,    70.4906,    74.9001,    74.1115,    73.1654,    74.3154,    69.1005,    67.8067,    64.7409,    66.8927,grande
/home/usuario/OrangeResults/inputToLearn/087.jpg,     0.3626,     0.4872,     0.4978,     0.5019,25864.0000, 13962.0000, 12886.0000, 13306.0000,   181.4692,   133.3303,   128.0897,   130.1604,   190.9495,   140.0447,   135.1809,   133.8399,   172.5676,   127.0524,   121.4427,   126.7588,    65.7958,    64.9643,    63.7642,    65.3262,    69.2331,    68.2358,    67.2943,    67.1729,    62.5684,    61.9054,    60.4552,    63.6190,grande
/home/usuario/OrangeResults/inputToLearn/088.jpg,     0.3626,     0.4872,     0.4978,     0.5019,24950.0000, 13572.0000, 11953.0000, 12388.0000,   178.2339,   131.4550,   123.3654,   125.5902,   187.5117,   137.1598,   132.2576,   131.9792,   169.5386,   126.0740,   115.3256,   119.8789,    64.6228,    64.0505,    61.4124,    63.0325,    67.9867,    66.8301,    65.8390,    66.2390,    61.4701,    61.4287,    57.4101,    60.1660,grande
/home/usuario/OrangeResults/inputToLearn/089.jpg,     0.3626,     0.4872,     0.4978,     0.5019,32706.0000, 17411.0000, 16229.0000, 16191.0000,   204.0651,   148.8905,   143.7477,   143.5793,   215.6436,   157.2858,   153.7941,   152.5147,   193.1599,   141.0745,   134.4508,   135.3235,    73.9885,    72.5458,    71.5589,    72.0610,    78.1865,    76.6364,    76.5601,    76.5456,    70.0346,    68.7376,    66.9308,    67.9175,mediana
/home/usuario/OrangeResults/inputToLearn/090.jpg,     0.3626,     0.4872,     0.4978,     0.5019,26350.0000, 13509.0000, 13224.0000, 13133.0000,   183.1662,   131.1495,   129.7587,   129.3115,   189.9625,   138.4070,   135.7552,   135.3266,   176.7228,   124.4644,   124.0897,   123.6198,    66.4111,    63.9017,    64.5950,    64.9001,    68.8753,    67.4378,    67.5802,    67.9191,    64.0749,    60.6444,    61.7730,    62.0435,pequeña
/home/usuario/OrangeResults/inputToLearn/091.jpg,     0.3626,     0.4872,     0.4978,     0.5019,31449.0000, 16290.0000, 15465.0000, 16352.0000,   200.1052,   144.0176,   140.3234,   144.2914,   210.5928,   151.1787,   148.1806,   149.2446,   190.2097,   137.2444,   132.9875,   139.6230,    72.5528,    70.1716,    69.8542,    72.4184,    76.3553,    73.6608,    73.7656,    74.9044,    68.9649,    66.8714,    66.2024,    70.0754,pequeña
/home/usuario/OrangeResults/inputToLearn/092.jpg,     0.3626,     0.4872,     0.4978,     0.5019,27396.0000, 14817.0000, 13501.0000, 13917.0000,   186.7664,   137.3521,   131.1107,   133.1153,   197.6602,   143.7710,   140.9124,   138.5810,   176.8100,   131.4108,   122.2882,   128.0229,    67.7164,    66.9238,    65.2681,    66.8092,    71.6663,    70.0514,    70.1475,    69.5524,    64.1065,    64.0290,    60.8762,    64.2534,mediana
/home/usuario/OrangeResults/inputToLearn/093.jpg,     0.3626,     0.4872,     0.4978,     0.5019,29373.0000, 15720.0000, 14623.0000, 14853.0000,   193.3879,   141.4755,   136.4499,   137.5188,   201.0294,   148.0027,   144.8996,   145.5264,   186.0830,   135.3461,   128.5373,   130.0522,    70.1172,    68.9330,    67.9260,    69.0193,    72.8878,    72.1133,    72.1323,    73.0382,    67.4687,    65.9465,    63.9870,    65.2719,pequeña
/home/usuario/OrangeResults/inputToLearn/094.jpg,     0.3626,     0.4872,     0.4978,     0.5019,25702.0000, 13700.0000, 12803.0000, 13327.0000,   180.9000,   132.0734,   127.6765,   130.2631,   186.8437,   137.7414,   133.8180,   134.4358,   175.2825,   126.6969,   121.9577,   126.3140,    65.5894,    64.3518,    63.5585,    65.3777,    67.7445,    67.1135,    66.6158,    67.4720,    63.5527,    61.7322,    60.7117,    63.3957,grande
/home/usuario/OrangeResults/inputToLearn/095.jpg,     0.3626,     0.4872,     0.4978,     0.5019,29614.0000, 16134.0000, 14494.0000, 15231.0000,   194.1796,   143.3264,   135.8467,   139.2577,   206.3371,   153.6410,   146.6381,   146.1917,   183.0087,   133.7618,   125.9763,   132.8280,    70.4043,    69.8348,    67.6257,    69.8921,    74.8123,    74.8605,    72.9978,    73.3722,    66.3540,    65.1745,    62.7121,    66.6650,pequeña
/home/usuario/OrangeResults/inputToLearn/096.jpg,     0.3626,     0.4872,     0.4978,     0.5019,28130.0000, 15173.0000, 13855.0000, 14839.0000,   189.2518,   138.9923,   132.8184,   137.4540,   199.3082,   152.2638,   141.7577,   147.6109,   179.8250,   127.0799,   124.6940,   128.2515,    68.6176,    67.7230,    66.1182,    68.9868,    72.2638,    74.1895,    70.5683,    74.0844,    65.1997,    61.9188,    62.0738,    64.3682,mediana
/home/usuario/OrangeResults/inputToLearn/097.jpg,     0.3626,     0.4872,     0.4978,     0.5019,30934.0000, 16604.0000, 15161.0000, 15874.0000,   198.4601,   145.3990,   138.9373,   142.1668,   199.9839,   153.9392,   140.9683,   148.1783,   197.0020,   137.3993,   137.1279,   136.5549,    71.9563,    70.8446,    69.1643,    71.3521,    72.5088,    75.0058,    70.1753,    74.3692,    71.4276,    66.9468,    68.2635,    68.5355,pequeña
/home/usuario/OrangeResults/inputToLearn/098.jpg,     0.3626,     0.4872,     0.4978,     0.5019,26059.0000, 13732.0000, 13183.0000, 13281.0000,   182.1520,   132.2276,   129.5574,   130.0380,   191.3976,   138.4251,   134.6811,   132.6942,   173.4430,   126.4755,   124.7267,   127.4871,    66.0434,    64.4269,    64.4948,    65.2648,    69.3956,    67.4467,    67.0455,    66.5979,    62.8858,    61.6243,    62.0901,    63.9845,mediana
/home/usuario/OrangeResults/inputToLearn/099.jpg,     0.3626,     0.4872,     0.4978,     0.5019,32354.0000, 16893.0000, 16140.0000, 16675.0000,   202.9640,   146.6589,   143.3530,   145.7095,   204.4542,   154.6889,   147.4107,   152.3593,   201.5271,   139.1234,   139.4480,   139.4206,    73.5893,    71.4585,    71.3624,    73.1302,    74.1296,    75.3711,    73.3823,    76.4676,    73.0683,    67.7869,    69.4185,    69.9738,mediana
/home/usuario/OrangeResults/inputToLearn/100.jpg,     0.3626,     0.4872,     0.4978,     0.5019,26001.0000, 14423.0000, 13513.0000, 13637.0000,   181.9492,   135.5136,   131.1689,   131.7694,   194.9089,   144.0055,   142.0352,   141.5953,   170.0288,   127.6330,   121.2707,   122.7497,    65.9699,    66.0280,    65.2971,    66.1337,    70.6687,    70.1657,    70.7064,    71.0653,    61.6478,    62.1883,    60.3696,    61.6068,grande
/home/usuario/OrangeResults/inputToLearn/101.jpg,     0.3626,     0.4872,     0.4978,     0.5019,32851.0000, 17226.0000, 16251.0000, 15572.0000,   204.5170,   148.0973,   143.8451,   140.8080,   204.7639,   154.1207,   146.1805,   147.8440,   204.4597,   142.5778,   141.8680,   134.4832,    74.1523,    72.1594,    71.6074,    70.6701,    74.2419,    75.0942,    72.7700,    74.2014,    74.1316,    69.4700,    70.6232,    67.4958,pequeña
/home/usuario/OrangeResults/inputToLearn/102.jpg,     0.3626,     0.4872,     0.4978,     0.5019,32458.0000, 16921.0000, 15929.0000, 15947.0000,   203.2900,   146.7804,   142.4129,   142.4933,   203.9839,   153.6518,   145.8303,   148.5457,   202.7479,   140.4220,   139.2738,   136.8030,    73.7075,    71.5177,    70.8944,    71.5160,    73.9590,    74.8658,    72.5957,    74.5536,    73.5109,    68.4196,    69.3318,    68.6601,grande
/home/usuario/OrangeResults/inputToLearn/103.jpg,     0.3626,     0.4872,     0.4978,     0.5019,31502.0000, 16386.0000, 15207.0000, 15529.0000,   200.2738,   144.4413,   139.1480,   140.6134,   206.8396,   148.6425,   144.4676,   143.5502,   193.9759,   140.4188,   134.0653,   138.3995,    72.6139,    70.3780,    69.2691,    70.5725,    74.9945,    72.4250,    71.9173,    72.0464,    70.3304,    68.4181,    66.7389,    69.4613,pequeña
/home/usuario/OrangeResults/inputToLearn/104.jpg,     0.3626,     0.4872,     0.4978,     0.5019,25846.0000, 14010.0000, 13051.0000, 13211.0000,   181.4060,   133.5593,   128.9071,   129.6949,   186.0430,   139.1699,   131.7714,   132.8341,   177.1210,   128.3250,   126.3862,   126.8036,    65.7729,    65.0758,    64.1711,    65.0926,    67.4542,    67.8095,    65.5970,    66.6681,    64.2193,    62.5255,    62.9162,    63.6415,pequeña
/home/usuario/OrangeResults/inputToLearn/105.jpg,     0.3626,     0.4872,     0.4978,     0.5019,27171.0000, 13878.0000, 12713.0000, 13811.0000,   185.9978,   132.9286,   127.2269,   132.6074,   193.4959,   139.4874,   132.7977,   136.8691,   178.8870,   126.7942,   122.1430,   128.6135,    67.4378,    64.7685,    63.3347,    66.5543,    70.1564,    67.9643,    66.1079,    68.6932,    64.8596,    61.7796,    60.8039,    64.5498,pequeña
/home/usuario/OrangeResults/inputToLearn/106.jpg,     0.3626,     0.4872,     0.4978,     0.5019,25732.0000, 13744.0000, 12564.0000, 13286.0000,   181.0055,   132.2853,   126.4792,   130.0625,   190.6210,   141.1083,   134.2991,   136.7709,   171.9149,   124.1054,   119.2518,   123.7879,    65.6277,    64.4551,    62.9625,    65.2771,    69.1140,    68.7540,    66.8553,    68.6440,    62.3317,    60.4695,    59.3646,    62.1279,pequeña
/home/usuario/OrangeResults/inputToLearn/107.jpg,     0.3626,     0.4872,     0.4978,     0.5019,24219.0000, 13157.0000, 12136.0000, 12148.0000,   175.6035,   129.4296,   124.3062,   124.3677,   184.2952,   135.6907,   131.8466,   130.9394,   167.4236,   123.6703,   117.3405,   118.2079,    63.6691,    63.0637,    61.8808,    62.4189,    66.8204,    66.1144,    65.6344,    65.7172,    60.7033,    60.2575,    58.4131,    59.3273,pequeña
/home/usuario/OrangeResults/inputToLearn/108.jpg,     0.3626,     0.4872,     0.4978,     0.5019,25463.0000, 13741.0000, 12191.0000, 12630.0000,   180.0569,   132.2709,   124.5876,   126.8109,   189.3071,   140.7892,   133.0288,   133.8163,   171.3981,   124.3997,   116.8973,   120.3785,    65.2838,    64.4481,    62.0208,    63.6451,    68.6376,    68.5985,    66.2229,    67.1610,    62.1443,    60.6129,    58.1925,    60.4167,pequeña
/home/usuario/OrangeResults/inputToLearn/109.jpg,     0.3626,     0.4872,     0.4978,     0.5019,25635.0000, 13224.0000, 12534.0000, 12712.0000,   180.6640,   129.7587,   126.3281,   127.2219,   185.8294,   137.3189,   130.8734,   133.1844,   175.8008,   122.8249,   122.3138,   121.8320,    65.5039,    63.2240,    62.8873,    63.8514,    67.3767,    66.9077,    65.1500,    66.8439,    63.7406,    59.8456,    60.8889,    61.1463,pequeña
/home/usuario/OrangeResults/inputToLearn/110.jpg,     0.3626,     0.4872,     0.4978,     0.5019,31239.0000, 16612.0000, 15486.0000, 15843.0000,   199.4360,   145.4340,   140.4186,   142.0279,   208.5644,   157.7311,   151.2586,   152.1199,   190.7732,   134.1373,   130.4722,   132.6900,    72.3101,    70.8617,    69.9017,    71.2824,    75.6198,    76.8534,    75.2979,    76.3475,    69.1692,    65.3575,    64.9502,    66.5958,mediana
/home/usuario/OrangeResults/inputToLearn/111.jpg,     0.3626,     0.4872,     0.4978,     0.5019,30428.0000, 16489.0000, 15459.0000, 15139.0000,   196.8302,   144.8946,   140.2962,   138.8365,   201.4097,   153.1844,   147.4413,   147.7133,   192.4513,   137.1803,   133.6050,   130.6193,    71.3653,    70.5989,    69.8407,    69.6807,    73.0257,    74.6380,    73.3976,    74.1358,    69.7776,    66.8401,    66.5098,    65.5565,mediana
/home/usuario/OrangeResults/inputToLearn/112.jpg,     0.3626,     0.4872,     0.4978,     0.5019,31556.0000, 16499.0000, 15428.0000, 15538.0000,   200.4454,   144.9385,   140.1554,   140.6542,   206.7143,   154.2491,   147.1549,   149.6080,   194.4609,   136.3819,   133.9735,   132.5669,    72.6761,    70.6203,    69.7706,    70.5929,    74.9490,    75.1568,    73.2550,    75.0868,    70.5063,    66.4511,    66.6932,    66.5340,mediana
/home/usuario/OrangeResults/inputToLearn/113.jpg,     0.3626,     0.4872,     0.4978,     0.5019,30855.0000, 17197.0000, 15376.0000, 15598.0000,   198.2065,   147.9726,   139.9190,   140.9255,   202.0730,   156.2830,   142.9997,   148.2606,   194.5418,   140.3053,   136.9932,   134.2160,    71.8643,    72.0986,    69.6529,    70.7291,    73.2662,    76.1478,    71.1865,    74.4105,    70.5356,    68.3628,    68.1965,    67.3617,grande
/home/usuario/OrangeResults/inputToLearn/114.jpg,     0.3626,     0.4872,     0.4978,     0.5019,28889.0000, 14533.0000, 13641.0000, 14020.0000,   191.7879,   136.0294,   131.7887,   133.6070,   195.9845,   141.2652,   135.7746,   134.8960,   187.7766,   131.0653,   128.0417,   132.4289,    69.5371,    66.2794,    65.6056,    67.0560,    71.0587,    68.8305,    67.5898,    67.7029,    68.0827,    63.8607,    63.7403,    66.4648,mediana
/home/usuario/OrangeResults/inputToLearn/115.jpg,     0.3626,     0.4872,     0.4978,     0.5019,30039.0000, 15906.0000, 14991.0000, 15022.0000,   195.5680,   142.3100,   138.1562,   138.2990,   208.4913,   151.2472,   148.6550,   146.4195,   183.6576,   133.9957,   128.4409,   130.7913,    70.9077,    69.3396,    68.7754,    69.4109,    75.5933,    73.6941,    74.0018,    73.4865,    66.5893,    65.2885,    63.9390,    65.6428,pequeña
/home/usuario/OrangeResults/inputToLearn/116.jpg,     0.3626,     0.4872,     0.4978,     0.5019,27727.0000, 14751.0000, 13173.0000, 13235.0000,   187.8912,   137.0458,   129.5082,   129.8127,   189.8369,   143.1245,   133.2996,   136.9249,   186.0420,   131.3562,   125.9048,   123.1871,    68.1243,    66.7746,    64.4704,    65.1517,    68.8297,    69.7364,    66.3577,    68.7212,    67.4538,    64.0024,    62.6766,    61.8264,mediana
/home/usuario/OrangeResults/inputToLearn/117.jpg,     0.3626,     0.4872,     0.4978,     0.5019,25709.0000, 13438.0000, 12683.0000, 13109.0000,   180.9246,   130.8044,   127.0767,   129.1933,   183.6922,   138.4769,   128.5082,   133.3615,   178.2991,   123.6646,   125.7477,   125.3386,    65.5984,    63.7335,    63.2599,    64.8408,    66.6018,    67.4719,    63.9725,    66.9328,    64.6464,    60.2547,    62.5983,    62.9062,pequeña
/home/usuario/OrangeResults/inputToLearn/118.jpg,     0.3626,     0.4872,     0.4978,     0.5019,29508.0000, 15450.0000, 14925.0000, 15682.0000,   193.8318,   140.2553,   137.8517,   141.3044,   201.5756,   148.5642,   144.8746,   148.1548,   186.4782,   132.5779,   131.2360,   134.9233,    70.2782,    68.3384,    68.6238,    70.9193,    73.0859,    72.3869,    72.1199,    74.3574,    67.6119,    64.5976,    65.3305,    67.7167,pequeña
/home/usuario/OrangeResults/inputToLearn/119.jpg,     0.3626,     0.4872,     0.4978,     0.5019,29623.0000, 16342.0000, 15499.0000, 15708.0000,   194.2091,   144.2473,   140.4775,   141.4215,   203.3341,   152.7803,   150.6994,   149.8746,   185.6324,   136.3037,   131.0777,   133.6614,    70.4150,    70.2835,    69.9310,    70.9780,    73.7234,    74.4411,    75.0195,    75.2205,    67.3053,    66.4130,    65.2517,    67.0833,pequeña
/home/usuario/OrangeResults/inputToLearn/120.jpg,     0.3626,     0.4872,     0.4978,     0.5019,32394.0000, 16910.0000, 16219.0000, 17096.0000,   203.0894,   146.7327,   143.7034,   147.5375,   213.5115,   155.3394,   154.6057,   155.1099,   193.2788,   138.7445,   133.7937,   140.5284,    73.6347,    71.4945,    71.5369,    74.0476,    77.4135,    75.6880,    76.9641,    77.8481,    70.0777,    67.6023,    66.6037,    70.5298,mediana
/home/usuario/OrangeResults/inputToLearn/121.jpg,     0.3626,     0.4872,     0.4978,     0.5019,26268.0000, 13867.0000, 13649.0000, 14036.0000,   182.8810,   132.8759,   131.8273,   133.6832,   186.0571,   137.8119,   137.2916,   139.1573,   179.9710,   128.2740,   126.8530,   128.5720,    66.3077,    64.7429,    65.6248,    67.0942,    67.4593,    67.1479,    68.3450,    69.8417,    65.2526,    62.5006,    63.1486,    64.5290,pequeña
/home/usuario/OrangeResults/inputToLearn/122.jpg,     0.3626,     0.4872,     0.4978,     0.5019,23552.0000, 12711.0000, 12635.0000, 12708.0000,   173.1685,   127.2169,   126.8360,   127.2019,   179.9556,   135.0738,   133.6822,   135.6376,   166.7582,   119.9843,   120.4738,   119.3931,    62.7862,    61.9856,    63.1401,    63.8414,    65.2470,    65.8138,    66.5482,    68.0751,    60.4620,    58.4615,    59.9729,    59.9222,pequeña
/home/usuario/OrangeResults/inputToLearn/123.jpg,     0.3626,     0.4872,     0.4978,     0.5019,24922.0000, 13107.0000, 12250.0000, 12985.0000,   178.1339,   129.1834,   124.8887,   128.5808,   186.1004,   134.1367,   132.7039,   134.7150,   170.6167,   124.5058,   117.6512,   122.8053,    64.5865,    62.9437,    62.1707,    64.5334,    67.4750,    65.3571,    66.0612,    67.6121,    61.8610,    60.6646,    58.5678,    61.6348,pequeña
/home/usuario/OrangeResults/inputToLearn/124.jpg,     0.3626,     0.4872,     0.4978,     0.5019,27941.0000, 14820.0000, 14223.0000, 14819.0000,   188.6149,   137.3660,   134.5707,   137.3613,   195.1331,   144.8189,   143.0534,   143.5843,   182.4926,   130.4846,   126.7400,   131.5463,    68.3867,    66.9306,    66.9905,    68.9403,    70.7500,    70.5620,    71.2133,    72.0635,    66.1669,    63.5777,    63.0923,    66.0218,mediana
/home/usuario/OrangeResults/inputToLearn/125.jpg,     0.3626,     0.4872,     0.4978,     0.5019,24727.0000, 13193.0000, 12597.0000, 13648.0000,   177.4356,   129.6065,   126.6452,   131.8225,   185.0894,   139.1236,   135.9759,   138.6445,   170.2728,   120.8383,   118.0627,   125.4867,    64.3334,    63.1499,    63.0451,    66.1604,    67.1084,    67.7870,    67.6900,    69.5843,    61.7363,    58.8776,    58.7727,    62.9805,pequeña
/home/usuario/OrangeResults/inputToLearn/126.jpg,     0.3626,     0.4872,     0.4978,     0.5019,24977.0000, 13474.0000, 13218.0000, 13499.0000,   178.3303,   130.9795,   129.7293,   131.1010,   179.1496,   136.9801,   130.6819,   136.8218,   177.5869,   125.3471,   128.9236,   125.7785,    64.6578,    63.8188,    64.5804,    65.7983,    64.9548,    66.7426,    65.0546,    68.6695,    64.3882,    61.0745,    64.1793,    63.1270,mediana
/home/usuario/OrangeResults/inputToLearn/127.jpg,     0.3626,     0.4872,     0.4978,     0.5019,27866.0000, 14442.0000, 14403.0000, 15037.0000,   188.3616,   135.6028,   135.4196,   138.3680,   192.9085,   145.3146,   138.2865,   146.2114,   184.0643,   126.6369,   132.7441,   131.0850,    68.2948,    66.0715,    67.4131,    69.4455,    69.9434,    70.8035,    68.8403,    73.3821,    66.7367,    61.7030,    66.0812,    65.7902,grande
/home/usuario/OrangeResults/inputToLearn/128.jpg,     0.3626,     0.4872,     0.4978,     0.5019,28780.0000, 15542.0000, 14571.0000, 15473.0000,   191.4258,   140.6723,   136.2071,   140.3597,   202.5813,   147.8964,   148.1379,   147.6256,   181.1062,   133.9546,   125.3697,   133.5937,    69.4058,    68.5416,    67.8051,    70.4451,    73.4505,    72.0615,    73.7444,    74.0918,    65.6642,    65.2684,    62.4102,    67.0494,pequeña
/home/usuario/OrangeResults/inputToLearn/129.jpg,     0.3626,     0.4872,     0.4978,     0.5019,27141.0000, 14619.0000, 13612.0000, 14444.0000,   185.8951,   136.4313,   131.6485,   135.6122,   193.7250,   143.3939,   139.9750,   142.1669,   178.5484,   129.9437,   124.0489,   129.6243,    67.4006,    66.4752,    65.5358,    68.0624,    70.2395,    69.8677,    69.6808,    71.3521,    64.7368,    63.3142,    61.7527,    65.0571,pequeña
/home/usuario/OrangeResults/inputToLearn/130.jpg,     0.3626,     0.4872,     0.4978,     0.5019,27550.0000, 14750.0000, 13998.0000, 15087.0000,   187.2905,   137.0412,   133.5021,   138.5979,   192.2205,   145.2473,   141.2615,   145.8742,   182.6295,   129.4455,   126.3141,   131.8465,    67.9065,    66.7724,    66.4585,    69.5609,    69.6940,    70.7707,    70.3213,    73.2128,    66.2165,    63.0714,    62.8803,    66.1724,pequeña
/home/usuario/OrangeResults/inputToLearn/131.jpg,     0.3626,     0.4872,     0.4978,     0.5019,28785.0000, 15585.0000, 15581.0000, 16114.0000,   191.4424,   140.8667,   140.8487,   143.2375,   202.6432,   153.2583,   153.5719,   154.4487,   181.0669,   129.7453,   129.5391,   133.1638,    69.4119,    68.6363,    70.1157,    71.8895,    73.4729,    74.6741,    76.4495,    77.5163,    65.6500,    63.2175,    64.4857,    66.8336,pequeña
/home/usuario/OrangeResults/inputToLearn/132.jpg,     0.3626,     0.4872,     0.4978,     0.5019,37085.0000, 20125.0000, 19124.0000, 19742.0000,   217.2972,   160.0748,   156.0430,   158.5443,   222.2788,   167.5620,   164.5159,   165.9241,   212.6315,   153.2708,   148.2090,   151.6528,    78.7861,    77.9953,    77.6796,    79.5718,    80.5923,    81.6434,    81.8975,    83.2757,    77.0944,    74.6801,    73.7798,    76.1130,grande
/home/usuario/OrangeResults/inputToLearn/133.jpg,     0.3626,     0.4872,     0.4978,     0.5019,27684.0000, 14010.0000, 14018.0000, 15047.0000,   187.7455,   133.5593,   133.5974,   138.4140,   197.5455,   138.8821,   141.1250,   143.9548,   178.6293,   128.5876,   126.7262,   133.2669,    68.0714,    65.0758,    66.5060,    69.4686,    71.6247,    67.6693,    70.2533,    72.2495,    64.7662,    62.6534,    63.0854,    66.8853,pequeña
/home/usuario/OrangeResults/inputToLearn/134.jpg,     0.3626,     0.4872,     0.4978,     0.5019,26838.0000, 14162.0000, 13721.0000, 14686.0000,   184.8545,   134.2819,   132.1746,   136.7435,   188.8022,   140.9990,   138.4145,   142.1011,   181.0939,   128.0162,   126.3168,   131.7329,    67.0233,    65.4279,    65.7977,    68.6302,    68.4546,    68.7008,    68.9040,    71.3191,    65.6597,    62.3750,    62.8817,    66.1154,pequeña
/home/usuario/OrangeResults/inputToLearn/135.jpg,     0.3626,     0.4872,     0.4978,     0.5019,24859.0000, 13970.0000, 13354.0000, 13730.0000,   177.9086,   133.3685,   130.3949,   132.2179,   187.0444,   144.3438,   141.2792,   141.8672,   169.3785,   123.3352,   120.4908,   123.5508,    64.5048,    64.9829,    64.9118,    66.3589,    67.8172,    70.3305,    70.3300,    71.2017,    61.4121,    60.0942,    59.9814,    62.0089,pequeña
/home/usuario/OrangeResults/inputToLearn/136.jpg,     0.3626,     0.4872,     0.4978,     0.5019,26308.0000, 14129.0000, 14096.0000, 14536.0000,   183.0202,   134.1253,   133.9686,   136.0434,   187.8504,   140.5189,   140.3543,   142.0994,   178.4172,   128.1764,   127.9620,   130.3238,    66.3582,    65.3516,    66.6908,    68.2788,    68.1095,    68.4669,    69.8696,    71.3183,    64.6893,    62.4531,    63.7006,    65.4082,pequeña
/home/usuario/OrangeResults/inputToLearn/137.jpg,     0.3626,     0.4872,     0.4978,     0.5019,32705.0000, 16410.0000, 16528.0000, 17265.0000,   204.0620,   144.5471,   145.0659,   148.2649,   207.9182,   149.3247,   149.9198,   153.7140,   200.3898,   140.2577,   140.5567,   143.1325,    73.9874,    70.4296,    72.2151,    74.4127,    75.3855,    72.7574,    74.6314,    77.1475,    72.6559,    68.3396,    69.9704,    71.8368,grande
/home/usuario/OrangeResults/inputToLearn/138.jpg,     0.3626,     0.4872,     0.4978,     0.5019,28292.0000, 14926.0000, 14392.0000, 15013.0000,   189.7959,   137.8564,   135.3679,   138.2575,   194.5511,   146.5326,   143.1074,   146.9762,   185.3441,   129.8309,   128.1586,   130.1647,    68.8149,    67.1695,    67.3874,    69.3901,    70.5390,    71.3970,    71.2401,    73.7659,    67.2008,    63.2592,    63.7985,    65.3284,mediana
/home/usuario/OrangeResults/inputToLearn/139.jpg,     0.3626,     0.4872,     0.4978,     0.5019,30556.0000, 16223.0000, 15938.0000, 15180.0000,   197.2438,   143.7211,   142.4531,   139.0244,   201.8209,   151.8182,   150.5447,   146.6223,   192.8635,   136.1917,   135.0571,   132.1017,    71.5153,    70.0271,    70.9144,    69.7749,    73.1748,    73.9724,    74.9425,    73.5883,    69.9271,    66.3584,    67.2326,    66.3005,mediana
/home/usuario/OrangeResults/inputToLearn/140.jpg,     0.3626,     0.4872,     0.4978,     0.5019,29132.0000, 14553.0000, 14047.0000, 15424.0000,   192.5929,   136.1229,   133.7355,   140.1372,   197.1050,   139.6809,   139.2375,   142.3697,   188.4576,   132.9937,   128.5914,   138.2167,    69.8290,    66.3250,    66.5748,    70.3335,    71.4649,    68.0585,    69.3137,    71.4539,    68.3296,    64.8003,    64.0140,    69.3696,mediana
/home/usuario/OrangeResults/inputToLearn/141.jpg,     0.3626,     0.4872,     0.4978,     0.5019,27886.0000, 14559.0000, 13669.0000, 14354.0000,   188.4292,   136.1510,   131.9239,   135.1891,   192.0037,   144.0702,   135.3134,   143.4750,   185.1246,   128.8533,   128.9685,   127.6035,    68.3193,    66.3386,    65.6729,    67.8500,    69.6154,    70.1972,    67.3602,    72.0087,    67.1212,    62.7829,    64.2017,    64.0429,mediana
/home/usuario/OrangeResults/inputToLearn/142.jpg,     0.3626,     0.4872,     0.4978,     0.5019,28479.0000, 14354.0000, 13710.0000, 14888.0000,   190.4221,   135.1891,   132.1216,   137.6808,   193.1238,   140.7699,   137.6080,   142.3202,   187.8512,   129.9550,   127.0289,   133.3461,    69.0419,    65.8699,    65.7713,    69.1006,    70.0215,    68.5892,    68.5025,    71.4291,    68.1098,    63.3197,    63.2361,    66.9251,mediana
/home/usuario/OrangeResults/inputToLearn/143.jpg,     0.3626,     0.4872,     0.4978,     0.5019,35100.0000, 17639.0000, 17567.0000, 18082.0000,   211.4018,   149.8622,   149.5560,   151.7324,   219.6733,   160.0573,   158.9073,   162.8978,   203.6066,   140.6227,   141.1951,   141.6879,    76.6486,    73.0193,    74.4503,    76.1530,    79.6476,    77.9868,    79.1055,    81.7568,    73.8223,    68.5174,    70.2882,    71.1118,mediana
/home/usuario/OrangeResults/inputToLearn/144.jpg,     0.3626,     0.4872,     0.4978,     0.5019,26860.0000, 14180.0000, 13530.0000, 13983.0000,   184.9303,   134.3672,   131.2514,   133.4305,   190.5622,   141.8619,   139.6865,   141.1371,   179.6564,   127.4437,   123.4686,   126.3280,    67.0507,    65.4695,    65.3381,    66.9675,    69.0927,    69.1212,    69.5372,    70.8353,    65.1386,    62.0961,    61.4638,    63.4028,pequeña
/home/usuario/OrangeResults/inputToLearn/145.jpg,     0.3626,     0.4872,     0.4978,     0.5019,26817.0000, 14332.0000, 14151.0000, 14574.0000,   184.7822,   135.0854,   134.2297,   136.2211,   186.7993,   141.2783,   137.7866,   142.4620,   182.8834,   129.2856,   130.8398,   130.3882,    66.9970,    65.8194,    66.8208,    68.3680,    67.7284,    68.8369,    68.5914,    71.5002,    66.3086,    62.9935,    65.1332,    65.4405,pequeña
/home/usuario/OrangeResults/inputToLearn/146.jpg,     0.3626,     0.4872,     0.4978,     0.5019,24085.0000, 13044.0000, 12604.0000, 13129.0000,   175.1170,   128.8726,   126.6804,   129.2918,   185.2866,   135.5973,   136.2174,   135.4729,   165.5984,   122.6336,   117.9484,   123.5402,    63.4927,    62.7923,    63.0626,    64.8902,    67.1799,    66.0689,    67.8102,    67.9925,    60.0415,    59.7523,    58.7158,    62.0036,pequeña
/home/usuario/OrangeResults/inputToLearn/147.jpg,     0.3626,     0.4872,     0.4978,     0.5019,25601.0000, 13216.0000, 13256.0000, 13970.0000,   180.5442,   129.7194,   129.9156,   133.3685,   183.0937,   137.0220,   135.1307,   139.3078,   178.1757,   122.9276,   125.0806,   127.9069,    65.4604,    63.2049,    64.6732,    66.9363,    66.3848,    66.7630,    67.2693,    69.9172,    64.6017,    59.8956,    62.2662,    64.1952,pequeña
/home/usuario/OrangeResults/inputToLearn/148.jpg,     0.3626,     0.4872,     0.4978,     0.5019,32915.0000, 17529.0000, 17105.0000, 17527.0000,   204.7161,   149.3942,   147.5763,   149.3856,   211.8801,   160.6501,   157.3644,   159.9463,   198.0468,   139.1439,   138.6477,   139.6979,    74.2245,    72.7913,    73.4648,    74.9752,    76.8220,    78.2756,    78.3374,    80.2754,    71.8064,    67.7969,    69.0201,    70.1130,grande
/home/usuario/OrangeResults/inputToLearn/149.jpg,     0.3626,     0.4872,     0.4978,     0.5019,31856.0000, 16615.0000, 15881.0000, 16666.0000,   201.3959,   145.4472,   142.1982,   145.6702,   206.0377,   151.6464,   146.7632,   149.1596,   197.0062,   139.6538,   137.9087,   142.4678,    73.0207,    70.8681,    70.7875,    73.1104,    74.7037,    73.8886,    73.0601,    74.8617,    71.4291,    68.0453,    68.6522,    71.5032,mediana
/home/usuario/OrangeResults/inputToLearn/150.jpg,     0.3626,     0.4872,     0.4978,     0.5019,31888.0000, 16160.0000, 16243.0000, 17188.0000,   201.4971,   143.4418,   143.8097,   147.9339,   208.2487,   151.8513,   149.9060,   153.5586,   195.1029,   135.6013,   138.0663,   142.6577,    73.0574,    69.8910,    71.5898,    74.2465,    75.5053,    73.9885,    74.6246,    77.0695,    70.7390,    66.0708,    68.7306,    71.5985,mediana
/home/usuario/OrangeResults/inputToLearn/151.jpg,     0.3626,     0.4872,     0.4978,     0.5019,31649.0000, 16498.0000, 15659.0000, 16500.0000,   200.7405,   144.9341,   141.2008,   144.9429,   202.4710,   150.3919,   144.6566,   148.6264,   199.3173,   139.9629,   137.9470,   141.5759,    72.7831,    70.6181,    70.2910,    72.7454,    73.4105,    73.2774,    72.0114,    74.5941,    72.2671,    68.1960,    68.6713,    71.0555,mediana
/home/usuario/OrangeResults/inputToLearn/152.jpg,     0.3626,     0.4872,     0.4978,     0.5019,27022.0000, 14470.0000, 14358.0000, 14449.0000,   185.4871,   135.7342,   135.2079,   135.6357,   191.3143,   140.9979,   142.0469,   142.3607,   179.9349,   130.7808,   128.8308,   129.4087,    67.2526,    66.1355,    67.3077,    68.0742,    69.3654,    68.7002,    70.7122,    71.4494,    65.2395,    63.7221,    64.1332,    64.9489,mediana
/home/usuario/OrangeResults/inputToLearn/153.jpg,     0.3626,     0.4872,     0.4978,     0.5019,25505.0000, 13413.0000, 12639.0000, 13176.0000,   180.2054,   130.6827,   126.8561,   129.5230,   184.1967,   140.1693,   133.5980,   135.9852,   176.4824,   122.0341,   120.7356,   123.7653,    65.3376,    63.6742,    63.1501,    65.0063,    66.7848,    68.2965,    66.5063,    68.2496,    63.9878,    59.4603,    60.1033,    62.1166,pequeña
/home/usuario/OrangeResults/inputToLearn/154.jpg,     0.3626,     0.4872,     0.4978,     0.5019,26812.0000, 14104.0000, 13154.0000, 13888.0000,   184.7650,   134.0066,   129.4148,   132.9765,   192.2043,   139.2528,   137.7832,   139.9051,   177.7982,   129.0999,   121.7248,   126.6581,    66.9908,    65.2938,    64.4239,    66.7396,    69.6881,    67.8500,    68.5897,    70.2170,    64.4648,    62.9030,    60.5957,    63.5684,pequeña
/home/usuario/OrangeResults/inputToLearn/155.jpg,     0.3626,     0.4872,     0.4978,     0.5019,33705.0000, 17784.0000, 17602.0000, 18728.0000,   207.1582,   150.4769,   149.7049,   154.4190,   208.3314,   160.5263,   153.4698,   161.9699,   206.0764,   141.2288,   146.1271,   147.2864,    75.1100,    73.3188,    74.5245,    77.5014,    75.5353,    78.2153,    76.3987,    81.2911,    74.7177,    68.8128,    72.7434,    73.9215,grande
/home/usuario/OrangeResults/inputToLearn/156.jpg,     0.3626,     0.4872,     0.4978,     0.5019,35338.0000, 18286.0000, 18021.0000, 18642.0000,   212.1173,   152.5859,   151.4762,   154.0641,   215.2361,   161.5707,   154.7133,   160.9133,   209.1727,   144.2657,   148.4694,   147.6950,    76.9080,    74.3464,    75.4062,    77.3232,    78.0388,    78.7242,    77.0176,    80.7608,    75.8404,    70.2924,    73.9094,    74.1266,grande
/home/usuario/OrangeResults/inputToLearn/157.jpg,     0.3626,     0.4872,     0.4978,     0.5019,28587.0000, 15073.0000, 15193.0000, 15751.0000,   190.7829,   138.5335,   139.0839,   141.6150,   195.3759,   146.8279,   144.4472,   147.2473,   186.3948,   130.7756,   134.0338,   136.3634,    69.1727,    67.4995,    69.2372,    71.0751,    70.8380,    71.5409,    71.9071,    73.9020,    67.5817,    63.7195,    66.7233,    68.4394,mediana
/home/usuario/OrangeResults/inputToLearn/158.jpg,     0.3626,     0.4872,     0.4978,     0.5019,27949.0000, 15055.0000, 14853.0000, 15137.0000,   188.6419,   138.4508,   137.5188,   138.8273,   194.9405,   148.4368,   146.0568,   147.7782,   182.6563,   129.2592,   129.6855,   130.5760,    68.3965,    67.4592,    68.4581,    69.6760,    70.6802,    72.3248,    72.7084,    74.1684,    66.2262,    62.9807,    64.5586,    65.5348,mediana
/home/usuario/OrangeResults/inputToLearn/159.jpg,     0.3626,     0.4872,     0.4978,     0.5019,26382.0000, 13248.0000, 12683.0000, 13366.0000,   183.2774,   129.8764,   127.0767,   130.4535,   187.0460,   135.5632,   132.0356,   133.8980,   179.7845,   124.4880,   122.4115,   127.2194,    66.4514,    63.2814,    63.2599,    65.4733,    67.8178,    66.0522,    65.7285,    67.2021,    65.1850,    60.6559,    60.9375,    63.8501,pequeña
/home/usuario/OrangeResults/inputToLearn/160.jpg,     0.3626,     0.4872,     0.4978,     0.5019,37604.0000, 19460.0000, 18969.0000, 19431.0000,   218.8125,   157.4079,   155.4094,   157.2906,   224.0155,   162.7320,   159.7113,   158.4160,   213.8913,   152.4645,   151.3222,   156.3388,    79.3355,    76.6959,    77.3642,    78.9426,    81.2220,    79.2900,    79.5057,    79.5074,    77.5512,    74.2873,    75.3296,    78.4649,grande
/home/usuario/OrangeResults/inputToLearn/161.jpg,     0.3626,     0.4872,     0.4978,     0.5019,29831.0000, 15524.0000, 14627.0000, 14828.0000,   194.8897,   140.5908,   136.4686,   137.4030,   199.0797,   145.0257,   142.7044,   143.4152,   190.8708,   136.4280,   130.6386,   131.7923,    70.6618,    68.5019,    67.9353,    68.9612,    72.1809,    70.6627,    71.0395,    71.9787,    69.2046,    66.4736,    65.0330,    66.1452,mediana
/home/usuario/OrangeResults/inputToLearn/162.jpg,     0.3626,     0.4872,     0.4978,     0.5019,28912.0000, 15665.0000, 14942.0000, 16032.0000,   191.8643,   141.2278,   137.9302,   142.8726,   195.4453,   148.5374,   142.4551,   148.7954,   188.4884,   134.3719,   133.6609,   137.3056,    69.5648,    68.8123,    68.6629,    71.7063,    70.8632,    72.3738,    70.9154,    74.6789,    68.3408,    65.4718,    66.5376,    68.9123,mediana
/home/usuario/OrangeResults/inputToLearn/163.jpg,     0.3626,     0.4872,     0.4978,     0.5019,25223.0000, 13469.0000, 13241.0000, 13479.0000,   179.2064,   130.9552,   129.8421,   131.0038,   185.6283,   139.9224,   138.0060,   141.2809,   173.1366,   122.8647,   122.2782,   121.6898,    64.9754,    63.8070,    64.6366,    65.7495,    67.3038,    68.1762,    68.7006,    70.9075,    62.7747,    59.8650,    60.8712,    61.0749,pequeña
/home/usuario/OrangeResults/inputToLearn/164.jpg,     0.3626,     0.4872,     0.4978,     0.5019,27396.0000, 14689.0000, 13794.0000, 14742.0000,   186.7664,   136.7575,   132.5257,   137.0040,   199.9088,   141.2204,   143.6766,   144.3882,   174.7109,   132.6259,   122.3985,   130.1497,    67.7164,    66.6341,    65.9725,    68.7609,    72.4815,    68.8087,    71.5235,    72.4670,    63.3455,    64.6210,    60.9311,    65.3209,pequeña
/home/usuario/OrangeResults/inputToLearn/165.jpg,     0.3626,     0.4872,     0.4978,     0.5019,25559.0000, 13031.0000, 12396.0000, 13751.0000,   180.3960,   128.8083,   125.6307,   132.3190,   187.9969,   135.3054,   131.5377,   135.9613,   173.2515,   122.7615,   120.1758,   128.9639,    65.4067,    62.7610,    62.5401,    66.4096,    68.1626,    65.9266,    65.4807,    68.2376,    62.8163,    59.8147,    59.8246,    64.7257,pequeña
/home/usuario/OrangeResults/inputToLearn/166.jpg,     0.3626,     0.4872,     0.4978,     0.5019,23690.0000, 12639.0000, 12330.0000, 12697.0000,   173.6751,   126.8561,   125.2958,   127.1469,   184.1708,   135.7826,   135.7858,   134.2654,   163.9292,   118.6354,   115.8052,   120.6540,    62.9699,    61.8098,    62.3734,    63.8137,    66.7754,    66.1591,    67.5954,    67.3865,    59.4363,    57.8043,    57.6489,    60.5551,pequeña
/home/usuario/OrangeResults/inputToLearn/167.jpg,     0.3626,     0.4872,     0.4978,     0.5019,29419.0000, 15961.0000, 15027.0000, 15825.0000,   193.5392,   142.5559,   138.3220,   141.9472,   202.5864,   150.5960,   149.0144,   150.1337,   185.0777,   135.1922,   128.6093,   134.4143,    70.1721,    69.4594,    68.8579,    71.2419,    73.4524,    73.3768,    74.1807,    75.3506,    67.1042,    65.8714,    64.0229,    67.4612,mediana
/home/usuario/OrangeResults/inputToLearn/168.jpg,     0.3626,     0.4872,     0.4978,     0.5019,31876.0000, 16402.0000, 15438.0000, 16493.0000,   201.4591,   144.5119,   140.2008,   144.9122,   208.3150,   149.5270,   147.3725,   151.9497,   195.0074,   139.7995,   133.5494,   138.4423,    73.0436,    70.4124,    69.7932,    72.7300,    75.5294,    72.8560,    73.3633,    76.2620,    70.7044,    68.1163,    66.4821,    69.4828,mediana
/home/usuario/OrangeResults/inputToLearn/169.jpg,     0.3626,     0.4872,     0.4978,     0.5019,30977.0000, 16729.0000, 15394.0000, 16086.0000,   198.5979,   145.9453,   140.0009,   143.1130,   205.0273,   152.9405,   147.3844,   151.6375,   192.4690,   139.5039,   133.0704,   135.1482,    72.0063,    71.1108,    69.6937,    71.8270,    74.3373,    74.5192,    73.3693,    76.1053,    69.7841,    67.9723,    66.2437,    67.8295,mediana
/home/usuario/OrangeResults/inputToLearn/170.jpg,     0.3626,     0.4872,     0.4978,     0.5019,23913.0000, 12736.0000, 11790.0000, 13074.0000,   174.4906,   127.3420,   122.5214,   129.0207,   188.6565,   137.1826,   135.8086,   138.3023,   161.4743,   118.4013,   110.6114,   120.5123,    63.2656,    62.0465,    60.9923,    64.7542,    68.4017,    66.8413,    67.6067,    69.4125,    58.5462,    57.6902,    55.0634,    60.4839,pequeña
/home/usuario/OrangeResults/inputToLearn/171.jpg,     0.3626,     0.4872,     0.4978,     0.5019,32819.0000, 16326.0000, 16127.0000, 17336.0000,   204.4173,   144.1767,   143.2953,   148.5694,   211.0360,   154.1507,   151.0401,   157.4906,   198.1356,   135.2887,   136.0892,   140.3251,    74.1162,    70.2491,    71.3337,    74.5655,    76.5160,    75.1088,    75.1891,    79.0430,    71.8386,    65.9185,    67.7464,    70.4278,mediana
/home/usuario/OrangeResults/inputToLearn/172.jpg,     0.3626,     0.4872,     0.4978,     0.5019,27889.0000, 14559.0000, 13775.0000, 14785.0000,   188.4393,   136.1510,   132.4344,   137.2037,   193.3904,   140.1244,   137.5961,   140.0812,   183.7496,   132.3910,   127.5709,   134.5657,    68.3230,    66.3386,    65.9270,    68.8611,    70.1181,    68.2746,    68.4966,    70.3054,    66.6227,    64.5066,    63.5060,    67.5372,pequeña
/home/usuario/OrangeResults/inputToLearn/173.jpg,     0.3626,     0.4872,     0.4978,     0.5019,29165.0000, 15202.0000, 14812.0000, 15682.0000,   192.7019,   139.1251,   137.3289,   141.3044,   201.3617,   146.5011,   143.3157,   146.3013,   184.6667,   132.2193,   131.6951,   136.6192,    69.8685,    67.7877,    68.3636,    70.9193,    73.0083,    71.3816,    71.3439,    73.4272,    66.9552,    64.4230,    65.5590,    68.5678,mediana
/home/usuario/OrangeResults/inputToLearn/174.jpg,     0.3626,     0.4872,     0.4978,     0.5019,28520.0000, 15526.0000, 13911.0000, 15449.0000,   190.5592,   140.5998,   133.0866,   140.2508,   201.9041,   151.3504,   148.1937,   150.2024,   180.3517,   130.7408,   119.9343,   131.1355,    69.0916,    68.5063,    66.2517,    70.3905,    73.2050,    73.7444,    73.7722,    75.3851,    65.3907,    63.7025,    59.7044,    65.8156,mediana
/home/usuario/OrangeResults/inputToLearn/175.jpg,     0.3626,     0.4872,     0.4978,     0.5019,27688.0000, 13700.0000, 13486.0000, 14803.0000,   187.7590,   132.0734,   131.0378,   137.2872,   196.3704,   137.6044,   139.5628,   143.0983,   179.6949,   127.0144,   123.1807,   131.8783,    68.0764,    64.3518,    65.2318,    68.9031,    71.1986,    67.0468,    69.4756,    71.8196,    65.1525,    61.8869,    61.3205,    66.1884,pequeña
/home/usuario/OrangeResults/inputToLearn/176.jpg,     0.3626,     0.4872,     0.4978,     0.5019,31868.0000, 17917.0000, 16196.0000, 16880.0000,   201.4339,   151.0385,   143.6015,   146.6025,   208.0068,   166.5285,   156.9974,   162.3835,   195.1815,   137.1126,   131.4239,   132.4722,    73.0345,    73.5925,    71.4861,    73.5783,    75.4177,    81.1398,    78.1547,    81.4986,    70.7676,    66.8071,    65.4240,    66.4865,pequeña
/home/usuario/OrangeResults/inputToLearn/177.jpg,     0.3626,     0.4872,     0.4978,     0.5019,28115.0000, 14892.0000, 14294.0000, 14967.0000,   189.2013,   137.6992,   134.9062,   138.0456,   190.7159,   143.7102,   140.5811,   145.3951,   187.8873,   132.0430,   129.5969,   131.2078,    68.5993,    67.0930,    67.1575,    69.2837,    69.1484,    70.0218,    69.9826,    72.9723,    68.1229,    64.3370,    64.5145,    65.8519,mediana
/home/usuario/OrangeResults/inputToLearn/178.jpg,     0.3626,     0.4872,     0.4978,     0.5019,26726.0000, 14372.0000, 13850.0000, 14287.0000,   184.4684,   135.2738,   132.7945,   134.8732,   186.3662,   143.8562,   134.4732,   140.9898,   182.7100,   127.3975,   131.2529,   129.1457,    66.8833,    65.9112,    66.1063,    67.6915,    67.5713,    70.0929,    66.9420,    70.7613,    66.2457,    62.0736,    65.3389,    64.8169,mediana
/home/usuario/OrangeResults/inputToLearn/179.jpg,     0.3626,     0.4872,     0.4978,     0.5019,33617.0000, 17014.0000, 17385.0000, 18727.0000,   206.8876,   147.1832,   148.7793,   154.4149,   216.1944,   156.5070,   159.1990,   163.1296,   198.1010,   139.1609,   139.1625,   146.3794,    75.0119,    71.7140,    74.0637,    77.4993,    78.3863,    76.2569,    79.2507,    81.8731,    71.8261,    67.8052,    69.2764,    73.4663,grande
/home/usuario/OrangeResults/inputToLearn/180.jpg,     0.3626,     0.4872,     0.4978,     0.5019,30713.0000, 15393.0000, 15034.0000, 15919.0000,   197.7499,   139.9963,   138.3542,   142.3682,   206.2076,   147.1394,   145.6503,   148.4810,   189.7798,   133.5411,   131.5135,   136.6034,    71.6988,    68.2122,    68.8740,    71.4532,    74.7653,    71.6926,    72.5060,    74.5211,    68.8090,    65.0669,    65.4686,    68.5599,mediana
/home/usuario/OrangeResults/inputToLearn/181.jpg,     0.3626,     0.4872,     0.4978,     0.5019,34703.0000, 18066.0000, 17286.0000, 17724.0000,   210.2028,   151.6652,   148.3550,   150.2228,   220.8161,   159.3005,   157.8182,   158.8758,   200.2258,   144.9823,   139.5443,   142.2870,    76.2139,    73.8978,    73.8525,    75.3953,    80.0619,    77.6181,    78.5633,    79.7382,    72.5965,    70.6416,    69.4664,    71.4124,mediana
/home/usuario/OrangeResults/inputToLearn/182.jpg,     0.3626,     0.4872,     0.4978,     0.5019,24581.0000, 12830.0000, 12356.0000, 12698.0000,   176.9110,   127.8110,   125.4279,   127.1519,   178.0425,   135.3681,   130.6727,   135.1944,   175.9073,   120.7711,   120.4915,   119.7527,    64.1432,    62.2750,    62.4391,    63.8162,    64.5534,    65.9572,    65.0500,    67.8527,    63.7792,    58.8449,    59.9818,    60.1027,pequeña
/home/usuario/OrangeResults/inputToLearn/183.jpg,     0.3626,     0.4872,     0.4978,     0.5019,32158.0000, 16752.0000, 17045.0000, 17375.0000,   202.3483,   146.0456,   147.3172,   148.7365,   207.2769,   153.0590,   151.5754,   153.6741,   197.6460,   139.5319,   143.2788,   144.1537,    73.3660,    71.1597,    73.3358,    74.6493,    75.1530,    74.5769,    75.4556,    77.1275,    71.6611,    67.9859,    71.3255,    72.3493,grande
/home/usuario/OrangeResults/inputToLearn/184.jpg,     0.3626,     0.4872,     0.4978,     0.5019,30909.0000, 17083.0000, 16071.0000, 16989.0000,   198.3798,   147.4814,   143.0463,   147.0750,   207.2302,   161.8245,   157.0344,   161.2360,   190.1084,   134.6655,   130.5361,   134.3128,    71.9272,    71.8593,    71.2097,    73.8155,    75.1361,    78.8478,    78.1731,    80.9227,    68.9282,    65.6148,    64.9821,    67.4103,mediana
/home/usuario/OrangeResults/inputToLearn/185.jpg,     0.3626,     0.4872,     0.4978,     0.5019,31425.0000, 15839.0000, 15470.0000, 16034.0000,   200.0289,   142.0100,   140.3461,   142.8815,   206.9461,   147.3840,   148.2924,   150.1227,   193.4766,   137.0561,   132.9558,   136.2556,    72.5251,    69.1934,    69.8655,    71.7108,    75.0331,    71.8118,    73.8213,    75.3451,    70.1494,    66.7796,    66.1866,    68.3853,pequeña
/home/usuario/OrangeResults/inputToLearn/186.jpg,     0.3626,     0.4872,     0.4978,     0.5019,31138.0000, 16179.0000, 14901.0000, 16028.0000,   199.1134,   143.5261,   137.7409,   142.8548,   217.4449,   152.2301,   152.0358,   153.7260,   182.5958,   135.5637,   124.8792,   132.8650,    72.1931,    69.9321,    68.5686,    71.6974,    78.8396,    74.1730,    75.6848,    77.1535,    66.2043,    66.0525,    62.1660,    66.6836,mediana
/home/usuario/OrangeResults/inputToLearn/187.jpg,     0.3626,     0.4872,     0.4978,     0.5019,30758.0000, 16344.0000, 15388.0000, 16593.0000,   197.8947,   144.2561,   139.9736,   145.3508,   204.0222,   151.4162,   147.2211,   151.2983,   192.1644,   137.6256,   133.3898,   139.9287,    71.7513,    70.2878,    69.6801,    72.9501,    73.9729,    73.7765,    73.2880,    75.9351,    69.6736,    67.0571,    66.4026,    70.2288,mediana
/home/usuario/OrangeResults/inputToLearn/188.jpg,     0.3626,     0.4872,     0.4978,     0.5019,29446.0000, 15910.0000, 15083.0000, 15786.0000,   193.6280,   142.3279,   138.5795,   141.7722,   197.8269,   150.2152,   147.4099,   148.4073,   189.6513,   134.9797,   130.5647,   135.6202,    70.2043,    69.3483,    68.9861,    71.1541,    71.7267,    73.1913,    73.3820,    74.4841,    68.7624,    65.7679,    64.9963,    68.0664,mediana
/home/usuario/OrangeResults/inputToLearn/189.jpg,     0.3626,     0.4872,     0.4978,     0.5019,27341.0000, 14681.0000, 13820.0000, 14729.0000,   186.5788,   136.7203,   132.6506,   136.9436,   193.7209,   144.9379,   140.3825,   142.8503,   179.8361,   129.1477,   125.4522,   131.4244,    67.6484,    66.6160,    66.0346,    68.7306,    70.2380,    70.6200,    69.8837,    71.6951,    65.2037,    62.9263,    62.4512,    65.9606,pequeña
/home/usuario/OrangeResults/inputToLearn/190.jpg,     0.3626,     0.4872,     0.4978,     0.5019,28515.0000, 14793.0000, 13501.0000, 14324.0000,   190.5425,   137.2408,   131.1107,   135.0477,   199.6194,   143.1008,   140.6731,   142.6521,   182.0908,   131.7657,   122.3162,   127.9621,    69.0855,    66.8696,    65.2681,    67.7791,    72.3766,    69.7249,    70.0283,    71.5956,    66.0212,    64.2019,    60.8901,    64.2229,pequeña
/home/usuario/OrangeResults/inputToLearn/191.jpg,     0.3626,     0.4872,     0.4978,     0.5019,22628.0000, 12125.0000, 11290.0000, 12279.0000,   169.7376,   124.2499,   119.8953,   125.0364,   180.2204,   136.1740,   134.3094,   136.7916,   160.0373,   113.5825,   107.2587,   114.6220,    61.5423,    60.5399,    59.6849,    62.7545,    65.3431,    66.3498,    66.8605,    68.6544,    58.0252,    55.3423,    53.3943,    57.5277,pequeña
/home/usuario/OrangeResults/inputToLearn/192.jpg,     0.3626,     0.4872,     0.4978,     0.5019,26241.0000, 14458.0000, 13584.0000, 14463.0000,   182.7870,   135.6779,   131.5131,   135.7014,   192.7435,   148.6574,   145.2553,   147.4083,   173.4730,   123.9414,   119.1593,   125.0701,    66.2736,    66.1081,    65.4684,    68.1072,    69.8836,    72.4323,    72.3094,    73.9827,    62.8966,    60.3896,    59.3186,    62.7714,pequeña
/home/usuario/OrangeResults/inputToLearn/193.jpg,     0.3626,     0.4872,     0.4978,     0.5019,32568.0000, 16692.0000, 16471.0000, 16684.0000,   203.6341,   145.7838,   144.8155,   145.7489,   210.1041,   150.2477,   151.3776,   152.2839,   197.4446,   141.5794,   138.6145,   139.7228,    73.8322,    71.0321,    72.0905,    73.1499,    76.1781,    73.2071,    75.3571,    76.4298,    71.5881,    68.9836,    69.0036,    70.1255,mediana
/home/usuario/OrangeResults/inputToLearn/194.jpg,     0.3626,     0.4872,     0.4978,     0.5019,30691.0000, 15911.0000, 15549.0000, 15950.0000,   197.6790,   142.3324,   140.7040,   142.5067,   207.8903,   153.7433,   151.4812,   151.6305,   188.2252,   132.0278,   130.9330,   134.1575,    71.6731,    69.3505,    70.0437,    71.5227,    75.3754,    74.9103,    75.4087,    76.1018,    68.2454,    64.3296,    65.1796,    67.3323,mediana
/home/usuario/OrangeResults/inputToLearn/195.jpg,     0.3626,     0.4872,     0.4978,     0.5019,29919.0000, 15383.0000, 14887.0000, 15814.0000,   195.1770,   139.9509,   137.6761,   141.8979,   198.5668,   146.2070,   142.7143,   149.1055,   191.9909,   134.0449,   132.9139,   135.1678,    70.7659,    68.1901,    68.5364,    71.2171,    71.9950,    71.2383,    71.0445,    74.8345,    69.6107,    65.3124,    66.1658,    67.8393,mediana
/home/usuario/OrangeResults/inputToLearn/196.jpg,     0.3626,     0.4872,     0.4978,     0.5019,28303.0000, 14875.0000, 14279.0000, 14664.0000,   189.8328,   137.6206,   134.8354,   136.6411,   196.9248,   150.7852,   145.5026,   148.9250,   183.1515,   125.9121,   125.0707,   125.5548,    68.8283,    67.0547,    67.1223,    68.5788,    71.3996,    73.4690,    72.4325,    74.7439,    66.4058,    61.3498,    62.2613,    63.0147,pequeña
/home/usuario/OrangeResults/inputToLearn/197.jpg,     0.3626,     0.4872,     0.4978,     0.5019,30098.0000, 15742.0000, 14868.0000, 16049.0000,   195.7600,   141.5745,   137.5882,   142.9483,   202.2924,   147.7767,   145.2630,   147.4352,   189.5815,   135.8626,   130.4441,   138.8526,    70.9773,    68.9812,    68.4927,    71.7443,    73.3458,    72.0032,    72.3132,    73.9963,    68.7371,    66.1981,    64.9362,    69.6887,mediana
/home/usuario/OrangeResults/inputToLearn/198.jpg,     0.3626,     0.4872,     0.4978,     0.5019,26091.0000, 14005.0000, 13073.0000, 14320.0000,   182.2638,   133.5355,   129.0157,   135.0288,   193.2916,   138.7297,   138.3142,   138.8666,   172.3047,   128.7144,   120.6290,   131.4414,    66.0839,    65.0642,    64.2252,    67.7696,    70.0823,    67.5951,    68.8541,    69.6957,    62.4730,    62.7152,    60.0502,    65.9691,pequeña
/home/usuario/OrangeResults/inputToLearn/199.jpg,     0.3626,     0.4872,     0.4978,     0.5019,23675.0000, 13229.0000, 12396.0000, 13269.0000,   173.6201,   129.7832,   125.6307,   129.9793,   180.6879,   140.1847,   133.2784,   136.3365,   166.9592,   120.2414,   118.6189,   124.3876,    62.9500,    63.2360,    62.5401,    65.2353,    65.5126,    68.3040,    66.3472,    68.4259,    60.5349,    58.5868,    59.0496,    62.4289,pequeña
/home/usuario/OrangeResults/inputToLearn/200.jpg,     0.3626,     0.4872,     0.4978,     0.5019,33828.0000, 16201.0000, 15875.0000, 18139.0000,   207.5359,   143.6237,   142.1713,   151.9714,   212.9323,   158.1528,   144.0539,   163.3304,   202.5778,   130.9821,   140.4518,   141.7084,    75.2469,    69.9796,    70.7742,    76.2729,    77.2035,    77.0588,    71.7113,    81.9739,    73.4492,    63.8201,    69.9182,    71.1220,grande
/home/usuario/OrangeResults/inputToLearn/201.jpg,     0.3626,     0.4872,     0.4978,     0.5019,34022.0000, 17260.0000, 16139.0000, 16881.0000,   208.1301,   148.2434,   143.3486,   146.6068,   211.6944,   157.9626,   145.7041,   152.4513,   204.7470,   139.2276,   141.1627,   141.1804,    75.4624,    72.2306,    71.3602,    73.5805,    76.7547,    76.9662,    72.5328,    76.5138,    74.2357,    67.8377,    70.2720,    70.8570,grande
/home/usuario/OrangeResults/inputToLearn/202.jpg,     0.3626,     0.4872,     0.4978,     0.5019,30914.0000, 16222.0000, 16160.0000, 16241.0000,   198.3959,   143.7167,   143.4418,   143.8008,   204.5383,   151.8010,   150.9452,   153.3936,   192.5361,   136.2655,   136.4195,   134.8827,    71.9330,    70.0250,    71.4066,    72.1722,    74.1601,    73.9640,    75.1419,    76.9867,    69.8084,    66.3944,    67.9109,    67.6963,mediana
/home/usuario/OrangeResults/inputToLearn/203.jpg,     0.3626,     0.4872,     0.4978,     0.5019,32612.0000, 16976.0000, 16093.0000, 17318.0000,   203.7717,   147.0188,   143.1441,   148.4923,   216.9242,   155.7591,   156.2102,   159.8516,   191.5519,   139.2793,   131.3494,   138.1312,    73.8821,    71.6339,    71.2584,    74.5268,    78.6509,    75.8926,    77.7629,    80.2279,    69.4515,    67.8629,    65.3869,    69.3267,mediana
/home/usuario/OrangeResults/inputToLearn/204.jpg,     0.3626,     0.4872,     0.4978,     0.5019,22743.0000, 11992.0000, 11440.0000, 12089.0000,   170.1684,   123.5665,   120.6891,   124.0653,   179.1783,   130.6018,   130.6230,   130.7762,   161.7821,   117.0401,   111.7013,   117.8666,    61.6985,    60.2069,    60.0801,    62.2671,    64.9652,    63.6348,    65.0253,    65.6353,    58.6578,    57.0270,    55.6059,    59.1560,pequeña
/home/usuario/OrangeResults/inputToLearn/205.jpg,     0.3626,     0.4872,     0.4978,     0.5019,28286.0000, 14890.0000, 14222.0000, 14648.0000,   189.7758,   137.6900,   134.5660,   136.5665,   192.7221,   144.0517,   139.2836,   142.3038,   187.0652,   131.7157,   130.1464,   131.3052,    68.8076,    67.0885,    66.9882,    68.5414,    69.8758,    70.1882,    69.3366,    71.4209,    67.8248,    64.1775,    64.7880,    65.9008,pequeña
/home/usuario/OrangeResults/inputToLearn/206.jpg,     0.3626,     0.4872,     0.4978,     0.5019,28308.0000, 15098.0000, 14183.0000, 15067.0000,   189.8496,   138.6484,   134.3814,   138.5060,   196.2493,   145.4911,   140.2306,   143.3042,   183.7472,   132.2161,   128.8915,   134.0236,    68.8343,    67.5554,    66.8963,    69.5148,    71.1547,    70.8895,    69.8081,    71.9230,    66.6218,    64.4214,    64.1634,    67.2651,mediana
/home/usuario/OrangeResults/inputToLearn/207.jpg,     0.3626,     0.4872,     0.4978,     0.5019,33422.0000, 16806.0000, 16550.0000, 17760.0000,   206.2867,   146.2808,   145.1624,   150.3753,   208.5597,   156.8341,   153.7648,   159.8673,   204.1563,   136.7788,   137.2088,   141.5777,    74.7940,    71.2743,    72.2631,    75.4719,    75.6181,    76.4163,    76.5455,    80.2358,    74.0215,    66.6445,    68.3038,    71.0564,grande
